home_team,away_team,home_times,away_times,home_win,away_win,home_goals,away_goals,home_r_win,away_r_win,home_Ave_goal,away_Ave_goal,result
Belgium,USA,48,33,20,8,68,37,0.4166666666666667,0.2424242424242424,1.4166666666666667,1.121212121212121,0
France,Mexico,66,57,34,16,120,60,0.5151515151515151,0.2807017543859649,1.818181818181818,1.0526315789473684,1
Brazil,Yugoslavia,109,33,73,14,229,55,0.6697247706422018,0.4242424242424242,2.1009174311926606,1.6666666666666667,0
Peru,Romania,18,21,5,8,21,30,0.2777777777777778,0.3809523809523809,1.1666666666666667,1.4285714285714286,0
Argentina,France,81,66,43,34,137,120,0.5308641975308642,0.5151515151515151,1.691358024691358,1.818181818181818,1
Chile,Mexico,33,57,11,16,40,60,0.3333333333333333,0.2807017543859649,1.2121212121212122,1.0526315789473684,1
Bolivia,Yugoslavia,6,33,0,14,1,55,0.0,0.4242424242424242,0.1666666666666666,1.6666666666666667,0
Paraguay,USA,27,33,7,8,30,37,0.2592592592592592,0.2424242424242424,1.1111111111111112,1.121212121212121,0
Uruguay,Peru,56,18,24,5,87,21,0.4285714285714285,0.2777777777777778,1.5535714285714286,1.1666666666666667,1
Argentina,Mexico,81,57,43,16,137,60,0.5308641975308642,0.2807017543859649,1.691358024691358,1.0526315789473684,1
Chile,France,33,66,11,34,40,120,0.3333333333333333,0.5151515151515151,1.2121212121212122,1.818181818181818,1
Belgium,Paraguay,48,27,20,7,68,30,0.4166666666666667,0.2592592592592592,1.4166666666666667,1.1111111111111112,0
Bolivia,Brazil,6,109,0,73,1,229,0.0,0.6697247706422018,0.1666666666666666,2.1009174311926606,0
Uruguay,Romania,56,21,24,8,87,30,0.4285714285714285,0.3809523809523809,1.5535714285714286,1.4285714285714286,1
Argentina,Chile,81,33,43,11,137,40,0.5308641975308642,0.3333333333333333,1.691358024691358,1.2121212121212122,1
Argentina,USA,81,33,43,8,137,37,0.5308641975308642,0.2424242424242424,1.691358024691358,1.121212121212121,1
Uruguay,Yugoslavia,56,33,24,14,87,55,0.4285714285714285,0.4242424242424242,1.5535714285714286,1.6666666666666667,1
Uruguay,Argentina,56,81,24,43,87,137,0.4285714285714285,0.5308641975308642,1.5535714285714286,1.691358024691358,1
Argentina,Sweden,81,51,43,19,137,80,0.5308641975308642,0.3725490196078431,1.691358024691358,1.568627450980392,0
Austria,France,29,66,12,34,43,120,0.4137931034482758,0.5151515151515151,1.4827586206896552,1.818181818181818,1
Belgium,Germany,48,109,20,67,68,226,0.4166666666666667,0.6146788990825688,1.4166666666666667,2.073394495412844,0
Brazil,Spain,109,63,73,30,229,99,0.6697247706422018,0.4761904761904761,2.1009174311926606,1.5714285714285714,0
Czechoslovakia,Romania,30,21,11,8,44,30,0.3666666666666666,0.3809523809523809,1.4666666666666666,1.4285714285714286,1
Egypt,Hungary,7,32,0,15,5,87,0.0,0.46875,0.7142857142857143,2.71875,0
Italy,USA,83,33,45,8,128,37,0.5421686746987951,0.2424242424242424,1.5421686746987953,1.121212121212121,1
Netherlands,Switzerland,50,37,27,12,86,50,0.54,0.3243243243243243,1.72,1.351351351351351,0
Austria,Hungary,29,32,12,15,43,87,0.4137931034482758,0.46875,1.4827586206896552,2.71875,1
Czechoslovakia,Switzerland,30,37,11,12,44,50,0.3666666666666666,0.3243243243243243,1.4666666666666666,1.351351351351351,1
Germany,Sweden,109,51,67,19,226,80,0.6146788990825688,0.3725490196078431,2.073394495412844,1.568627450980392,1
Italy,Spain,83,63,45,30,128,99,0.5421686746987951,0.4761904761904761,1.5421686746987953,1.5714285714285714,-1
Italy,Spain,83,63,45,30,128,99,0.5421686746987951,0.4761904761904761,1.5421686746987953,1.5714285714285714,1
Czechoslovakia,Germany,30,109,11,67,44,226,0.3666666666666666,0.6146788990825688,1.4666666666666666,2.073394495412844,1
Italy,Austria,83,29,45,12,128,43,0.5421686746987951,0.4137931034482758,1.5421686746987953,1.4827586206896552,1
Austria,Germany,29,109,12,67,43,226,0.4137931034482758,0.6146788990825688,1.4827586206896552,2.073394495412844,0
Italy,Czechoslovakia,83,30,45,11,128,44,0.5421686746987951,0.3666666666666666,1.5421686746987953,1.4666666666666666,1
Germany,Switzerland,109,37,67,12,226,50,0.6146788990825688,0.3243243243243243,2.073394495412844,1.351351351351351,-1
Brazil,Poland,109,34,73,16,229,46,0.6697247706422018,0.4705882352941176,2.1009174311926606,1.3529411764705883,1
Cuba,Romania,3,21,1,8,5,30,0.3333333333333333,0.3809523809523809,1.6666666666666667,1.4285714285714286,-1
Czechoslovakia,Netherlands,30,50,11,27,44,86,0.3666666666666666,0.54,1.4666666666666666,1.72,1
France,Belgium,66,48,34,20,120,68,0.5151515151515151,0.4166666666666667,1.818181818181818,1.4166666666666667,1
Hungary,Indonesia,32,1,15,0,87,0,0.46875,0.0,2.71875,0.0,1
Italy,Norway,83,8,45,2,128,7,0.5421686746987951,0.25,1.5421686746987953,0.875,1
Cuba,Romania,3,21,1,8,5,30,0.3333333333333333,0.3809523809523809,1.6666666666666667,1.4285714285714286,1
Germany,Switzerland,109,37,67,12,226,50,0.6146788990825688,0.3243243243243243,2.073394495412844,1.351351351351351,0
Brazil,Czechoslovakia,109,30,73,11,229,44,0.6697247706422018,0.3666666666666666,2.1009174311926606,1.4666666666666666,-1
Cuba,Sweden,3,51,1,19,5,80,0.3333333333333333,0.3725490196078431,1.6666666666666667,1.568627450980392,0
France,Italy,66,83,34,45,120,128,0.5151515151515151,0.5421686746987951,1.818181818181818,1.5421686746987953,0
Hungary,Switzerland,32,37,15,12,87,50,0.46875,0.3243243243243243,2.71875,1.351351351351351,1
Brazil,Czechoslovakia,109,30,73,11,229,44,0.6697247706422018,0.3666666666666666,2.1009174311926606,1.4666666666666666,1
Brazil,Italy,109,83,73,45,229,128,0.6697247706422018,0.5421686746987951,2.1009174311926606,1.5421686746987953,0
Hungary,Sweden,32,51,15,19,87,80,0.46875,0.3725490196078431,2.71875,1.568627450980392,1
Brazil,Sweden,109,51,73,19,229,80,0.6697247706422018,0.3725490196078431,2.1009174311926606,1.568627450980392,1
Hungary,Italy,32,83,15,45,87,128,0.46875,0.5421686746987951,2.71875,1.5421686746987953,0
Brazil,Mexico,109,57,73,16,229,60,0.6697247706422018,0.2807017543859649,2.1009174311926606,1.0526315789473684,1
Chile,England,33,69,11,29,40,91,0.3333333333333333,0.4202898550724637,1.2121212121212122,1.318840579710145,0
Italy,Sweden,83,51,45,19,128,80,0.5421686746987951,0.3725490196078431,1.5421686746987953,1.568627450980392,0
Spain,USA,63,33,30,8,99,37,0.4761904761904761,0.2424242424242424,1.5714285714285714,1.121212121212121,1
Switzerland,Yugoslavia,37,33,12,14,50,55,0.3243243243243243,0.4242424242424242,1.351351351351351,1.6666666666666667,0
Brazil,Switzerland,109,37,73,12,229,50,0.6697247706422018,0.3243243243243243,2.1009174311926606,1.351351351351351,-1
Mexico,Yugoslavia,57,33,16,14,60,55,0.2807017543859649,0.4242424242424242,1.0526315789473684,1.6666666666666667,0
Chile,Spain,33,63,11,30,40,99,0.3333333333333333,0.4761904761904761,1.2121212121212122,1.5714285714285714,0
England,USA,69,33,29,8,91,37,0.4202898550724637,0.2424242424242424,1.318840579710145,1.121212121212121,0
Paraguay,Sweden,27,51,7,19,30,80,0.2592592592592592,0.3725490196078431,1.1111111111111112,1.568627450980392,-1
Brazil,Yugoslavia,109,33,73,14,229,55,0.6697247706422018,0.4242424242424242,2.1009174311926606,1.6666666666666667,1
Bolivia,Uruguay,6,56,0,24,1,87,0.0,0.4285714285714285,0.1666666666666666,1.5535714285714286,0
Chile,USA,33,33,11,8,40,37,0.3333333333333333,0.2424242424242424,1.2121212121212122,1.121212121212121,1
England,Spain,69,63,29,30,91,99,0.4202898550724637,0.4761904761904761,1.318840579710145,1.5714285714285714,0
Italy,Paraguay,83,27,45,7,128,30,0.5421686746987951,0.2592592592592592,1.5421686746987953,1.1111111111111112,1
Mexico,Switzerland,57,37,16,12,60,50,0.2807017543859649,0.3243243243243243,1.0526315789473684,1.351351351351351,0
Brazil,Sweden,109,51,73,19,229,80,0.6697247706422018,0.3725490196078431,2.1009174311926606,1.568627450980392,1
Spain,Uruguay,63,56,30,24,99,87,0.4761904761904761,0.4285714285714285,1.5714285714285714,1.5535714285714286,-1
Brazil,Spain,109,63,73,30,229,99,0.6697247706422018,0.4761904761904761,2.1009174311926606,1.5714285714285714,1
Sweden,Uruguay,51,56,19,24,80,87,0.3725490196078431,0.4285714285714285,1.568627450980392,1.5535714285714286,0
Brazil,Uruguay,109,56,73,24,229,87,0.6697247706422018,0.4285714285714285,2.1009174311926606,1.5535714285714286,0
Spain,Sweden,63,51,30,19,99,80,0.4761904761904761,0.3725490196078431,1.5714285714285714,1.568627450980392,0
Austria,Scotland,29,23,12,4,43,25,0.4137931034482758,0.1739130434782608,1.4827586206896552,1.0869565217391304,1
Brazil,Mexico,109,57,73,16,229,60,0.6697247706422018,0.2807017543859649,2.1009174311926606,1.0526315789473684,1
Czechoslovakia,Uruguay,30,56,11,24,44,87,0.3666666666666666,0.4285714285714285,1.4666666666666666,1.5535714285714286,0
France,Yugoslavia,66,33,34,14,120,55,0.5151515151515151,0.4242424242424242,1.818181818181818,1.6666666666666667,0
Belgium,England,48,69,20,29,68,91,0.4166666666666667,0.4202898550724637,1.4166666666666667,1.318840579710145,-1
Germany,Turkey,109,10,67,5,226,20,0.6146788990825688,0.5,2.073394495412844,2.0,1
Hungary,Korea Republic,32,34,15,6,87,34,0.46875,0.1764705882352941,2.71875,1.0,1
Switzerland,Italy,37,83,12,45,50,128,0.3243243243243243,0.5421686746987951,1.351351351351351,1.5421686746987953,1
Austria,Czechoslovakia,29,30,12,11,43,44,0.4137931034482758,0.3666666666666666,1.4827586206896552,1.4666666666666666,1
Brazil,Yugoslavia,109,33,73,14,229,55,0.6697247706422018,0.4242424242424242,2.1009174311926606,1.6666666666666667,-1
France,Mexico,66,57,34,16,120,60,0.5151515151515151,0.2807017543859649,1.818181818181818,1.0526315789473684,1
Scotland,Uruguay,23,56,4,24,25,87,0.1739130434782608,0.4285714285714285,1.0869565217391304,1.5535714285714286,0
Belgium,Italy,48,83,20,45,68,128,0.4166666666666667,0.5421686746987951,1.4166666666666667,1.5421686746987953,0
Germany,Hungary,109,32,67,15,226,87,0.6146788990825688,0.46875,2.073394495412844,2.71875,0
Korea Republic,Turkey,34,10,6,5,34,20,0.1764705882352941,0.5,1.0,2.0,0
Switzerland,England,37,69,12,29,50,91,0.3243243243243243,0.4202898550724637,1.351351351351351,1.318840579710145,0
Germany,Turkey,109,10,67,5,226,20,0.6146788990825688,0.5,2.073394495412844,2.0,1
Switzerland,Italy,37,83,12,45,50,128,0.3243243243243243,0.5421686746987951,1.351351351351351,1.5421686746987953,1
England,Uruguay,69,56,29,24,91,87,0.4202898550724637,0.4285714285714285,1.318840579710145,1.5535714285714286,0
Switzerland,Austria,37,29,12,12,50,43,0.3243243243243243,0.4137931034482758,1.351351351351351,1.4827586206896552,0
Brazil,Hungary,109,32,73,15,229,87,0.6697247706422018,0.46875,2.1009174311926606,2.71875,0
Germany,Yugoslavia,109,33,67,14,226,55,0.6146788990825688,0.4242424242424242,2.073394495412844,1.6666666666666667,1
Austria,Germany,29,109,12,67,43,226,0.4137931034482758,0.6146788990825688,1.4827586206896552,2.073394495412844,0
Hungary,Uruguay,32,56,15,24,87,87,0.46875,0.4285714285714285,2.71875,1.5535714285714286,1
Austria,Uruguay,29,56,12,24,43,87,0.4137931034482758,0.4285714285714285,1.4827586206896552,1.5535714285714286,1
Germany,Hungary,109,32,67,15,226,87,0.6146788990825688,0.46875,2.073394495412844,2.71875,1
Argentina,Germany,81,109,43,67,137,226,0.5308641975308642,0.6146788990825688,1.691358024691358,2.073394495412844,0
Austria,Brazil,29,109,12,73,43,229,0.4137931034482758,0.6697247706422018,1.4827586206896552,2.1009174311926606,0
Czechoslovakia,Northern Ireland,30,13,11,3,44,13,0.3666666666666666,0.2307692307692307,1.4666666666666666,1.0,0
England,Russia,69,45,29,19,91,77,0.4202898550724637,0.4222222222222222,1.318840579710145,1.711111111111111,-1
France,Paraguay,66,27,34,7,120,30,0.5151515151515151,0.2592592592592592,1.818181818181818,1.1111111111111112,1
Hungary,Wales,32,5,15,1,87,4,0.46875,0.2,2.71875,0.8,-1
Scotland,Yugoslavia,23,33,4,14,25,55,0.1739130434782608,0.4242424242424242,1.0869565217391304,1.6666666666666667,-1
Sweden,Mexico,51,57,19,16,80,60,0.3725490196078431,0.2807017543859649,1.568627450980392,1.0526315789473684,1
Argentina,Northern Ireland,81,13,43,3,137,13,0.5308641975308642,0.2307692307692307,1.691358024691358,1.0,1
Austria,Russia,29,45,12,19,43,77,0.4137931034482758,0.4222222222222222,1.4827586206896552,1.711111111111111,0
Brazil,England,109,69,73,29,229,91,0.6697247706422018,0.4202898550724637,2.1009174311926606,1.318840579710145,-1
Czechoslovakia,Germany,30,109,11,67,44,226,0.3666666666666666,0.6146788990825688,1.4666666666666666,2.073394495412844,-1
France,Yugoslavia,66,33,34,14,120,55,0.5151515151515151,0.4242424242424242,1.818181818181818,1.6666666666666667,0
Mexico,Wales,57,5,16,1,60,4,0.2807017543859649,0.2,1.0526315789473684,0.8,-1
Paraguay,Scotland,27,23,7,4,30,25,0.2592592592592592,0.1739130434782608,1.1111111111111112,1.0869565217391304,1
Sweden,Hungary,51,32,19,15,80,87,0.3725490196078431,0.46875,1.568627450980392,2.71875,1
Argentina,Czechoslovakia,81,30,43,11,137,44,0.5308641975308642,0.3666666666666666,1.691358024691358,1.4666666666666666,0
Austria,England,29,69,12,29,43,91,0.4137931034482758,0.4202898550724637,1.4827586206896552,1.318840579710145,-1
Brazil,Russia,109,45,73,19,229,77,0.6697247706422018,0.4222222222222222,2.1009174311926606,1.711111111111111,1
France,Scotland,66,23,34,4,120,25,0.5151515151515151,0.1739130434782608,1.818181818181818,1.0869565217391304,1
Germany,Northern Ireland,109,13,67,3,226,13,0.6146788990825688,0.2307692307692307,2.073394495412844,1.0,-1
Hungary,Mexico,32,57,15,16,87,60,0.46875,0.2807017543859649,2.71875,1.0526315789473684,1
Paraguay,Yugoslavia,27,33,7,14,30,55,0.2592592592592592,0.4242424242424242,1.1111111111111112,1.6666666666666667,-1
Sweden,Wales,51,5,19,1,80,4,0.3725490196078431,0.2,1.568627450980392,0.8,-1
Czechoslovakia,Northern Ireland,30,13,11,3,44,13,0.3666666666666666,0.2307692307692307,1.4666666666666666,1.0,0
England,Russia,69,45,29,19,91,77,0.4202898550724637,0.4222222222222222,1.318840579710145,1.711111111111111,0
Hungary,Wales,32,5,15,1,87,4,0.46875,0.2,2.71875,0.8,0
Brazil,Wales,109,5,73,1,229,4,0.6697247706422018,0.2,2.1009174311926606,0.8,1
France,Northern Ireland,66,13,34,3,120,13,0.5151515151515151,0.2307692307692307,1.818181818181818,1.0,1
Germany,Yugoslavia,109,33,67,14,226,55,0.6146788990825688,0.4242424242424242,2.073394495412844,1.6666666666666667,1
Sweden,Russia,51,45,19,19,80,77,0.3725490196078431,0.4222222222222222,1.568627450980392,1.711111111111111,1
Brazil,France,109,66,73,34,229,120,0.6697247706422018,0.5151515151515151,2.1009174311926606,1.818181818181818,1
Sweden,Germany,51,109,19,67,80,226,0.3725490196078431,0.6146788990825688,1.568627450980392,2.073394495412844,1
France,Germany,66,109,34,67,120,226,0.5151515151515151,0.6146788990825688,1.818181818181818,2.073394495412844,1
Sweden,Brazil,51,109,19,73,80,229,0.3725490196078431,0.6697247706422018,1.568627450980392,2.1009174311926606,0
Argentina,Bulgaria,81,26,43,3,137,22,0.5308641975308642,0.1153846153846153,1.691358024691358,0.8461538461538461,1
Brazil,Mexico,109,57,73,16,229,60,0.6697247706422018,0.2807017543859649,2.1009174311926606,1.0526315789473684,1
Chile,Switzerland,33,37,11,12,40,50,0.3333333333333333,0.3243243243243243,1.2121212121212122,1.351351351351351,1
Colombia,Uruguay,22,56,9,24,32,87,0.4090909090909091,0.4285714285714285,1.4545454545454546,1.5535714285714286,0
Czechoslovakia,Spain,30,63,11,30,44,99,0.3666666666666666,0.4761904761904761,1.4666666666666666,1.5714285714285714,1
England,Hungary,69,32,29,15,91,87,0.4202898550724637,0.46875,1.318840579710145,2.71875,0
Germany,Italy,109,83,67,45,226,128,0.6146788990825688,0.5421686746987951,2.073394495412844,1.5421686746987953,-1
Russia,Yugoslavia,45,33,19,14,77,55,0.4222222222222222,0.4242424242424242,1.711111111111111,1.6666666666666667,1
Argentina,England,81,69,43,29,137,91,0.5308641975308642,0.4202898550724637,1.691358024691358,1.318840579710145,0
Brazil,Czechoslovakia,109,30,73,11,229,44,0.6697247706422018,0.3666666666666666,2.1009174311926606,1.4666666666666666,-1
Chile,Italy,33,83,11,45,40,128,0.3333333333333333,0.5421686746987951,1.2121212121212122,1.5421686746987953,1
Uruguay,Yugoslavia,56,33,24,14,87,55,0.4285714285714285,0.4242424242424242,1.5535714285714286,1.6666666666666667,0
Bulgaria,Hungary,26,32,3,15,22,87,0.1153846153846153,0.46875,0.8461538461538461,2.71875,0
Colombia,Russia,22,45,9,19,32,77,0.4090909090909091,0.4222222222222222,1.4545454545454546,1.711111111111111,-1
Germany,Switzerland,109,37,67,12,226,50,0.6146788990825688,0.3243243243243243,2.073394495412844,1.351351351351351,1
Mexico,Spain,57,63,16,30,60,99,0.2807017543859649,0.4761904761904761,1.0526315789473684,1.5714285714285714,0
Argentina,Hungary,81,32,43,15,137,87,0.5308641975308642,0.46875,1.691358024691358,2.71875,-1
Brazil,Spain,109,63,73,30,229,99,0.6697247706422018,0.4761904761904761,2.1009174311926606,1.5714285714285714,1
Chile,Germany,33,109,11,67,40,226,0.3333333333333333,0.6146788990825688,1.2121212121212122,2.073394495412844,0
Russia,Uruguay,45,56,19,24,77,87,0.4222222222222222,0.4285714285714285,1.711111111111111,1.5535714285714286,1
Bulgaria,England,26,69,3,29,22,91,0.1153846153846153,0.4202898550724637,0.8461538461538461,1.318840579710145,-1
Colombia,Yugoslavia,22,33,9,14,32,55,0.4090909090909091,0.4242424242424242,1.4545454545454546,1.6666666666666667,0
Czechoslovakia,Mexico,30,57,11,16,44,60,0.3666666666666666,0.2807017543859649,1.4666666666666666,1.0526315789473684,0
Italy,Switzerland,83,37,45,12,128,50,0.5421686746987951,0.3243243243243243,1.5421686746987953,1.351351351351351,1
Brazil,England,109,69,73,29,229,91,0.6697247706422018,0.4202898550724637,2.1009174311926606,1.318840579710145,1
Chile,Russia,33,45,11,19,40,77,0.3333333333333333,0.4222222222222222,1.2121212121212122,1.711111111111111,1
Czechoslovakia,Hungary,30,32,11,15,44,87,0.3666666666666666,0.46875,1.4666666666666666,2.71875,1
Germany,Yugoslavia,109,33,67,14,226,55,0.6146788990825688,0.4242424242424242,2.073394495412844,1.6666666666666667,0
Chile,Brazil,33,109,11,73,40,229,0.3333333333333333,0.6697247706422018,1.2121212121212122,2.1009174311926606,0
Czechoslovakia,Yugoslavia,30,33,11,14,44,55,0.3666666666666666,0.4242424242424242,1.4666666666666666,1.6666666666666667,1
Chile,Yugoslavia,33,33,11,14,40,55,0.3333333333333333,0.4242424242424242,1.2121212121212122,1.6666666666666667,1
Brazil,Czechoslovakia,109,30,73,11,229,44,0.6697247706422018,0.3666666666666666,2.1009174311926606,1.4666666666666666,1
England,Uruguay,69,56,29,24,91,87,0.4202898550724637,0.4285714285714285,1.318840579710145,1.5535714285714286,-1
Brazil,Bulgaria,109,26,73,3,229,22,0.6697247706422018,0.1153846153846153,2.1009174311926606,0.8461538461538461,1
Germany,Switzerland,109,37,67,12,226,50,0.6146788990825688,0.3243243243243243,2.073394495412844,1.351351351351351,1
Korea DPR,Russia,7,45,1,19,6,77,0.1428571428571428,0.4222222222222222,0.8571428571428571,1.711111111111111,0
Argentina,Spain,81,63,43,30,137,99,0.5308641975308642,0.4761904761904761,1.691358024691358,1.5714285714285714,1
Chile,Italy,33,83,11,45,40,128,0.3333333333333333,0.5421686746987951,1.2121212121212122,1.5421686746987953,0
France,Mexico,66,57,34,16,120,60,0.5151515151515151,0.2807017543859649,1.818181818181818,1.0526315789473684,-1
Hungary,Portugal,32,30,15,14,87,49,0.46875,0.4666666666666667,2.71875,1.6333333333333333,0
Brazil,Hungary,109,32,73,15,229,87,0.6697247706422018,0.46875,2.1009174311926606,2.71875,0
Chile,Korea DPR,33,7,11,1,40,6,0.3333333333333333,0.1428571428571428,1.2121212121212122,0.8571428571428571,-1
France,Uruguay,66,56,34,24,120,87,0.5151515151515151,0.4285714285714285,1.818181818181818,1.5535714285714286,0
Spain,Switzerland,63,37,30,12,99,50,0.4761904761904761,0.3243243243243243,1.5714285714285714,1.351351351351351,1
Argentina,Germany,81,109,43,67,137,226,0.5308641975308642,0.6146788990825688,1.691358024691358,2.073394495412844,-1
Bulgaria,Portugal,26,30,3,14,22,49,0.1153846153846153,0.4666666666666667,0.8461538461538461,1.6333333333333333,0
England,Mexico,69,57,29,16,91,60,0.4202898550724637,0.2807017543859649,1.318840579710145,1.0526315789473684,1
Italy,Russia,83,45,45,19,128,77,0.5421686746987951,0.4222222222222222,1.5421686746987953,1.711111111111111,0
Argentina,Switzerland,81,37,43,12,137,50,0.5308641975308642,0.3243243243243243,1.691358024691358,1.351351351351351,1
Brazil,Portugal,109,30,73,14,229,49,0.6697247706422018,0.4666666666666667,2.1009174311926606,1.6333333333333333,0
Italy,Korea DPR,83,7,45,1,128,6,0.5421686746987951,0.1428571428571428,1.5421686746987953,0.8571428571428571,0
Mexico,Uruguay,57,56,16,24,60,87,0.2807017543859649,0.4285714285714285,1.0526315789473684,1.5535714285714286,-1
Bulgaria,Hungary,26,32,3,15,22,87,0.1153846153846153,0.46875,0.8461538461538461,2.71875,0
Chile,Russia,33,45,11,19,40,77,0.3333333333333333,0.4222222222222222,1.2121212121212122,1.711111111111111,0
England,France,69,66,29,34,91,120,0.4202898550724637,0.5151515151515151,1.318840579710145,1.818181818181818,1
Germany,Spain,109,63,67,30,226,99,0.6146788990825688,0.4761904761904761,2.073394495412844,1.5714285714285714,1
England,Argentina,69,81,29,43,91,137,0.4202898550724637,0.5308641975308642,1.318840579710145,1.691358024691358,1
Germany,Uruguay,109,56,67,24,226,87,0.6146788990825688,0.4285714285714285,2.073394495412844,1.5535714285714286,1
Hungary,Russia,32,45,15,19,87,77,0.46875,0.4222222222222222,2.71875,1.711111111111111,0
Korea DPR,Portugal,7,30,1,14,6,49,0.1428571428571428,0.4666666666666667,0.8571428571428571,1.6333333333333333,0
Germany,Russia,109,45,67,19,226,77,0.6146788990825688,0.4222222222222222,2.073394495412844,1.711111111111111,1
England,Portugal,69,30,29,14,91,49,0.4202898550724637,0.4666666666666667,1.318840579710145,1.6333333333333333,1
Portugal,Russia,30,45,14,19,49,77,0.4666666666666667,0.4222222222222222,1.6333333333333333,1.711111111111111,1
England,Germany,69,109,29,67,91,226,0.4202898550724637,0.6146788990825688,1.318840579710145,2.073394495412844,1
Mexico,Russia,57,45,16,19,60,77,0.2807017543859649,0.4222222222222222,1.0526315789473684,1.711111111111111,-1
Bulgaria,Peru,26,18,3,5,22,21,0.1153846153846153,0.2777777777777778,0.8461538461538461,1.1666666666666667,0
England,Romania,69,21,29,8,91,30,0.4202898550724637,0.3809523809523809,1.318840579710145,1.4285714285714286,1
Israel,Uruguay,3,56,0,24,1,87,0.0,0.4285714285714285,0.3333333333333333,1.5535714285714286,0
Belgium,El Salvador,48,6,20,0,68,1,0.4166666666666667,0.0,1.4166666666666667,0.1666666666666666,1
Brazil,Czechoslovakia,109,30,73,11,229,44,0.6697247706422018,0.3666666666666666,2.1009174311926606,1.4666666666666666,1
Germany,Morocco,109,16,67,2,226,14,0.6146788990825688,0.125,2.073394495412844,0.875,1
Italy,Sweden,83,51,45,19,128,80,0.5421686746987951,0.3725490196078431,1.5421686746987953,1.568627450980392,1
Belgium,Russia,48,45,20,19,68,77,0.4166666666666667,0.4222222222222222,1.4166666666666667,1.711111111111111,0
Czechoslovakia,Romania,30,21,11,8,44,30,0.3666666666666666,0.3809523809523809,1.4666666666666666,1.4285714285714286,0
Italy,Uruguay,83,56,45,24,128,87,0.5421686746987951,0.4285714285714285,1.5421686746987953,1.5535714285714286,-1
Morocco,Peru,16,18,2,5,14,21,0.125,0.2777777777777778,0.875,1.1666666666666667,0
Brazil,England,109,69,73,29,229,91,0.6697247706422018,0.4202898550724637,2.1009174311926606,1.318840579710145,1
Bulgaria,Germany,26,109,3,67,22,226,0.1153846153846153,0.6146788990825688,0.8461538461538461,2.073394495412844,0
Israel,Sweden,3,51,0,19,1,80,0.0,0.3725490196078431,0.3333333333333333,1.568627450980392,-1
Mexico,El Salvador,57,6,16,0,60,1,0.2807017543859649,0.0,1.0526315789473684,0.1666666666666666,1
Brazil,Romania,109,21,73,8,229,30,0.6697247706422018,0.3809523809523809,2.1009174311926606,1.4285714285714286,1
El Salvador,Russia,6,45,0,19,1,77,0.0,0.4222222222222222,0.1666666666666666,1.711111111111111,0
Germany,Peru,109,18,67,5,226,21,0.6146788990825688,0.2777777777777778,2.073394495412844,1.1666666666666667,1
Sweden,Uruguay,51,56,19,24,80,87,0.3725490196078431,0.4285714285714285,1.568627450980392,1.5535714285714286,1
Bulgaria,Morocco,26,16,3,2,22,14,0.1153846153846153,0.125,0.8461538461538461,0.875,-1
Czechoslovakia,England,30,69,11,29,44,91,0.3666666666666666,0.4202898550724637,1.4666666666666666,1.318840579710145,0
Israel,Italy,3,83,0,45,1,128,0.0,0.5421686746987951,0.3333333333333333,1.5421686746987953,-1
Mexico,Belgium,57,48,16,20,60,68,0.2807017543859649,0.4166666666666667,1.0526315789473684,1.4166666666666667,1
Brazil,Peru,109,18,73,5,229,21,0.6697247706422018,0.2777777777777778,2.1009174311926606,1.1666666666666667,1
England,Germany,69,109,29,67,91,226,0.4202898550724637,0.6146788990825688,1.318840579710145,2.073394495412844,0
Mexico,Italy,57,83,16,45,60,128,0.2807017543859649,0.5421686746987951,1.0526315789473684,1.5421686746987953,0
Russia,Uruguay,45,56,19,24,77,87,0.4222222222222222,0.4285714285714285,1.711111111111111,1.5535714285714286,0
Brazil,Uruguay,109,56,73,24,229,87,0.6697247706422018,0.4285714285714285,2.1009174311926606,1.5535714285714286,1
Germany,Italy,109,83,67,45,226,128,0.6146788990825688,0.5421686746987951,2.073394495412844,1.5421686746987953,0
Germany,Uruguay,109,56,67,24,226,87,0.6146788990825688,0.4285714285714285,2.073394495412844,1.5535714285714286,1
Brazil,Italy,109,83,73,45,229,128,0.6697247706422018,0.5421686746987951,2.1009174311926606,1.5421686746987953,1
Brazil,Yugoslavia,109,33,73,14,229,55,0.6697247706422018,0.4242424242424242,2.1009174311926606,1.6666666666666667,-1
Congo DR,Scotland,3,23,0,4,0,25,0.0,0.1739130434782608,0.0,1.0869565217391304,0
German DR,Australia,6,16,2,2,5,13,0.3333333333333333,0.125,0.8333333333333334,0.8125,1
Germany,Chile,109,33,67,11,226,40,0.6146788990825688,0.3333333333333333,2.073394495412844,1.2121212121212122,1
Italy,Haiti,83,3,45,0,128,2,0.5421686746987951,0.0,1.5421686746987953,0.6666666666666666,1
Poland,Argentina,34,81,16,43,46,137,0.4705882352941176,0.5308641975308642,1.3529411764705883,1.691358024691358,1
Sweden,Bulgaria,51,26,19,3,80,22,0.3725490196078431,0.1153846153846153,1.568627450980392,0.8461538461538461,-1
Uruguay,Netherlands,56,50,24,27,87,86,0.4285714285714285,0.54,1.5535714285714286,1.72,0
Chile,German DR,33,6,11,2,40,5,0.3333333333333333,0.3333333333333333,1.2121212121212122,0.8333333333333334,-1
Germany,Australia,109,16,67,2,226,13,0.6146788990825688,0.125,2.073394495412844,0.8125,1
Scotland,Brazil,23,109,4,73,25,229,0.1739130434782608,0.6697247706422018,1.0869565217391304,2.1009174311926606,-1
Yugoslavia,Congo DR,33,3,14,0,55,0,0.4242424242424242,0.0,1.6666666666666667,0.0,1
Argentina,Italy,81,83,43,45,137,128,0.5308641975308642,0.5421686746987951,1.691358024691358,1.5421686746987953,-1
Bulgaria,Uruguay,26,56,3,24,22,87,0.1153846153846153,0.4285714285714285,0.8461538461538461,1.5535714285714286,-1
Haiti,Poland,3,34,0,16,2,46,0.0,0.4705882352941176,0.6666666666666666,1.3529411764705883,0
Netherlands,Sweden,50,51,27,19,86,80,0.54,0.3725490196078431,1.72,1.568627450980392,-1
Australia,Chile,16,33,2,11,13,40,0.125,0.3333333333333333,0.8125,1.2121212121212122,-1
Congo DR,Brazil,3,109,0,73,0,229,0.0,0.6697247706422018,0.0,2.1009174311926606,0
Germany,German DR,109,6,67,2,226,5,0.6146788990825688,0.3333333333333333,2.073394495412844,0.8333333333333334,0
Scotland,Yugoslavia,23,33,4,14,25,55,0.1739130434782608,0.4242424242424242,1.0869565217391304,1.6666666666666667,-1
Argentina,Haiti,81,3,43,0,137,2,0.5308641975308642,0.0,1.691358024691358,0.6666666666666666,1
Bulgaria,Netherlands,26,50,3,27,22,86,0.1153846153846153,0.54,0.8461538461538461,1.72,0
Poland,Italy,34,83,16,45,46,128,0.4705882352941176,0.5421686746987951,1.3529411764705883,1.5421686746987953,1
Sweden,Uruguay,51,56,19,24,80,87,0.3725490196078431,0.4285714285714285,1.568627450980392,1.5535714285714286,1
Brazil,German DR,109,6,73,2,229,5,0.6697247706422018,0.3333333333333333,2.1009174311926606,0.8333333333333334,1
Germany,Yugoslavia,109,33,67,14,226,55,0.6146788990825688,0.4242424242424242,2.073394495412844,1.6666666666666667,1
Netherlands,Argentina,50,81,27,43,86,137,0.54,0.5308641975308642,1.72,1.691358024691358,1
Sweden,Poland,51,34,19,16,80,46,0.3725490196078431,0.4705882352941176,1.568627450980392,1.3529411764705883,0
Argentina,Brazil,81,109,43,73,137,229,0.5308641975308642,0.6697247706422018,1.691358024691358,2.1009174311926606,0
German DR,Netherlands,6,50,2,27,5,86,0.3333333333333333,0.54,0.8333333333333334,1.72,0
Germany,Sweden,109,51,67,19,226,80,0.6146788990825688,0.3725490196078431,2.073394495412844,1.568627450980392,1
Poland,Yugoslavia,34,33,16,14,46,55,0.4705882352941176,0.4242424242424242,1.3529411764705883,1.6666666666666667,1
Argentina,German DR,81,6,43,2,137,5,0.5308641975308642,0.3333333333333333,1.691358024691358,0.8333333333333334,-1
Germany,Poland,109,34,67,16,226,46,0.6146788990825688,0.4705882352941176,2.073394495412844,1.3529411764705883,1
Netherlands,Brazil,50,109,27,73,86,229,0.54,0.6697247706422018,1.72,2.1009174311926606,1
Sweden,Yugoslavia,51,33,19,14,80,55,0.3725490196078431,0.4242424242424242,1.568627450980392,1.6666666666666667,1
Brazil,Poland,109,34,73,16,229,46,0.6697247706422018,0.4705882352941176,2.1009174311926606,1.3529411764705883,0
Germany,Netherlands,109,50,67,27,226,86,0.6146788990825688,0.54,2.073394495412844,1.72,1
Germany,Poland,109,34,67,16,226,46,0.6146788990825688,0.4705882352941176,2.073394495412844,1.3529411764705883,-1
Argentina,Hungary,81,32,43,15,137,87,0.5308641975308642,0.46875,1.691358024691358,2.71875,1
France,Italy,66,83,34,45,120,128,0.5151515151515151,0.5421686746987951,1.818181818181818,1.5421686746987953,0
Mexico,Tunisia,57,15,16,2,60,13,0.2807017543859649,0.1333333333333333,1.0526315789473684,0.8666666666666667,0
Austria,Spain,29,63,12,30,43,99,0.4137931034482758,0.4761904761904761,1.4827586206896552,1.5714285714285714,1
Brazil,Sweden,109,51,73,19,229,80,0.6697247706422018,0.3725490196078431,2.1009174311926606,1.568627450980392,-1
Iran,Netherlands,15,50,2,27,9,86,0.1333333333333333,0.54,0.6,1.72,0
Peru,Scotland,18,23,5,4,21,25,0.2777777777777778,0.1739130434782608,1.1666666666666667,1.0869565217391304,1
Argentina,France,81,66,43,34,137,120,0.5308641975308642,0.5151515151515151,1.691358024691358,1.818181818181818,1
Germany,Mexico,109,57,67,16,226,60,0.6146788990825688,0.2807017543859649,2.073394495412844,1.0526315789473684,1
Hungary,Italy,32,83,15,45,87,128,0.46875,0.5421686746987951,2.71875,1.5421686746987953,0
Poland,Tunisia,34,15,16,2,46,13,0.4705882352941176,0.1333333333333333,1.3529411764705883,0.8666666666666667,1
Austria,Sweden,29,51,12,19,43,80,0.4137931034482758,0.3725490196078431,1.4827586206896552,1.568627450980392,1
Brazil,Spain,109,63,73,30,229,99,0.6697247706422018,0.4761904761904761,2.1009174311926606,1.5714285714285714,-1
Iran,Scotland,15,23,2,4,9,25,0.1333333333333333,0.1739130434782608,0.6,1.0869565217391304,-1
Netherlands,Peru,50,18,27,5,86,21,0.54,0.2777777777777778,1.72,1.1666666666666667,-1
Argentina,Italy,81,83,43,45,137,128,0.5308641975308642,0.5421686746987951,1.691358024691358,1.5421686746987953,0
France,Hungary,66,32,34,15,120,87,0.5151515151515151,0.46875,1.818181818181818,2.71875,1
Germany,Tunisia,109,15,67,2,226,13,0.6146788990825688,0.1333333333333333,2.073394495412844,0.8666666666666667,-1
Mexico,Poland,57,34,16,16,60,46,0.2807017543859649,0.4705882352941176,1.0526315789473684,1.3529411764705883,0
Austria,Brazil,29,109,12,73,43,229,0.4137931034482758,0.6697247706422018,1.4827586206896552,2.1009174311926606,0
Iran,Peru,15,18,2,5,9,21,0.1333333333333333,0.2777777777777778,0.6,1.1666666666666667,0
Netherlands,Scotland,50,23,27,4,86,25,0.54,0.1739130434782608,1.72,1.0869565217391304,0
Spain,Sweden,63,51,30,19,99,80,0.4761904761904761,0.3725490196078431,1.5714285714285714,1.568627450980392,1
Argentina,Poland,81,34,43,16,137,46,0.5308641975308642,0.4705882352941176,1.691358024691358,1.3529411764705883,1
Austria,Netherlands,29,50,12,27,43,86,0.4137931034482758,0.54,1.4827586206896552,1.72,0
Brazil,Peru,109,18,73,5,229,21,0.6697247706422018,0.2777777777777778,2.1009174311926606,1.1666666666666667,1
Germany,Italy,109,83,67,45,226,128,0.6146788990825688,0.5421686746987951,2.073394495412844,1.5421686746987953,-1
Argentina,Brazil,81,109,43,73,137,229,0.5308641975308642,0.6697247706422018,1.691358024691358,2.1009174311926606,-1
Austria,Italy,29,83,12,45,43,128,0.4137931034482758,0.5421686746987951,1.4827586206896552,1.5421686746987953,0
Germany,Netherlands,109,50,67,27,226,86,0.6146788990825688,0.54,2.073394495412844,1.72,-1
Peru,Poland,18,34,5,16,21,46,0.2777777777777778,0.4705882352941176,1.1666666666666667,1.3529411764705883,0
Argentina,Peru,81,18,43,5,137,21,0.5308641975308642,0.2777777777777778,1.691358024691358,1.1666666666666667,1
Austria,Germany,29,109,12,67,43,226,0.4137931034482758,0.6146788990825688,1.4827586206896552,2.073394495412844,1
Brazil,Poland,109,34,73,16,229,46,0.6697247706422018,0.4705882352941176,2.1009174311926606,1.3529411764705883,1
Italy,Netherlands,83,50,45,27,128,86,0.5421686746987951,0.54,1.5421686746987953,1.72,0
Brazil,Italy,109,83,73,45,229,128,0.6697247706422018,0.5421686746987951,2.1009174311926606,1.5421686746987953,1
Argentina,Netherlands,81,50,43,27,137,86,0.5308641975308642,0.54,1.691358024691358,1.72,1
Argentina,Belgium,81,48,43,20,137,68,0.5308641975308642,0.4166666666666667,1.691358024691358,1.4166666666666667,0
Brazil,Russia,109,45,73,19,229,77,0.6697247706422018,0.4222222222222222,2.1009174311926606,1.711111111111111,1
Italy,Poland,83,34,45,16,128,46,0.5421686746987951,0.4705882352941176,1.5421686746987953,1.3529411764705883,-1
Hungary,El Salvador,32,6,15,0,87,1,0.46875,0.0,2.71875,0.1666666666666666,1
Peru,Cameroon,18,23,5,4,21,18,0.2777777777777778,0.1739130434782608,1.1666666666666667,0.782608695652174,-1
Scotland,New Zealand,23,6,4,0,25,4,0.1739130434782608,0.0,1.0869565217391304,0.6666666666666666,1
England,France,69,66,29,34,91,120,0.4202898550724637,0.5151515151515151,1.318840579710145,1.818181818181818,1
Germany,Algeria,109,13,67,3,226,13,0.6146788990825688,0.2307692307692307,2.073394495412844,1.0,0
Spain,Honduras,63,9,30,0,99,3,0.4761904761904761,0.0,1.5714285714285714,0.3333333333333333,-1
Chile,Austria,33,29,11,12,40,43,0.3333333333333333,0.4137931034482758,1.2121212121212122,1.4827586206896552,0
Czechoslovakia,Kuwait,30,3,11,0,44,2,0.3666666666666666,0.0,1.4666666666666666,0.6666666666666666,-1
Yugoslavia,Northern Ireland,33,13,14,3,55,13,0.4242424242424242,0.2307692307692307,1.6666666666666667,1.0,-1
Argentina,Hungary,81,32,43,15,137,87,0.5308641975308642,0.46875,1.691358024691358,2.71875,1
Brazil,Scotland,109,23,73,4,229,25,0.6697247706422018,0.1739130434782608,2.1009174311926606,1.0869565217391304,1
Italy,Peru,83,18,45,5,128,21,0.5421686746987951,0.2777777777777778,1.5421686746987953,1.1666666666666667,-1
Belgium,El Salvador,48,6,20,0,68,1,0.4166666666666667,0.0,1.4166666666666667,0.1666666666666666,1
Poland,Cameroon,34,23,16,4,46,18,0.4705882352941176,0.1739130434782608,1.3529411764705883,0.782608695652174,-1
Russia,New Zealand,45,6,19,0,77,4,0.4222222222222222,0.0,1.711111111111111,0.6666666666666666,1
England,Czechoslovakia,69,30,29,11,91,44,0.4202898550724637,0.3666666666666666,1.318840579710145,1.4666666666666666,1
Germany,Chile,109,33,67,11,226,40,0.6146788990825688,0.3333333333333333,2.073394495412844,1.2121212121212122,1
Spain,Yugoslavia,63,33,30,14,99,55,0.4761904761904761,0.4242424242424242,1.5714285714285714,1.6666666666666667,1
Algeria,Austria,13,29,3,12,13,43,0.2307692307692307,0.4137931034482758,1.0,1.4827586206896552,0
France,Kuwait,66,3,34,0,120,2,0.5151515151515151,0.0,1.818181818181818,0.6666666666666666,1
Honduras,Northern Ireland,9,13,0,3,3,13,0.0,0.2307692307692307,0.3333333333333333,1.0,-1
Belgium,Hungary,48,32,20,15,68,87,0.4166666666666667,0.46875,1.4166666666666667,2.71875,-1
Poland,Peru,34,18,16,5,46,21,0.4705882352941176,0.2777777777777778,1.3529411764705883,1.1666666666666667,1
Russia,Scotland,45,23,19,4,77,25,0.4222222222222222,0.1739130434782608,1.711111111111111,1.0869565217391304,-1
Argentina,El Salvador,81,6,43,0,137,1,0.5308641975308642,0.0,1.691358024691358,0.1666666666666666,1
Brazil,New Zealand,109,6,73,0,229,4,0.6697247706422018,0.0,2.1009174311926606,0.6666666666666666,1
Italy,Cameroon,83,23,45,4,128,18,0.5421686746987951,0.1739130434782608,1.5421686746987953,0.782608695652174,-1
Algeria,Chile,13,33,3,11,13,40,0.2307692307692307,0.3333333333333333,1.0,1.2121212121212122,1
France,Czechoslovakia,66,30,34,11,120,44,0.5151515151515151,0.3666666666666666,1.818181818181818,1.4666666666666666,-1
Honduras,Yugoslavia,9,33,0,14,3,55,0.0,0.4242424242424242,0.3333333333333333,1.6666666666666667,0
England,Kuwait,69,3,29,0,91,2,0.4202898550724637,0.0,1.318840579710145,0.6666666666666666,1
Germany,Austria,109,29,67,12,226,43,0.6146788990825688,0.4137931034482758,2.073394495412844,1.4827586206896552,1
Spain,Northern Ireland,63,13,30,3,99,13,0.4761904761904761,0.2307692307692307,1.5714285714285714,1.0,0
Austria,France,29,66,12,34,43,120,0.4137931034482758,0.5151515151515151,1.4827586206896552,1.818181818181818,0
Poland,Belgium,34,48,16,20,46,68,0.4705882352941176,0.4166666666666667,1.3529411764705883,1.4166666666666667,1
Germany,England,109,69,67,29,226,91,0.6146788990825688,0.4202898550724637,2.073394495412844,1.318840579710145,-1
Italy,Argentina,83,81,45,43,128,137,0.5421686746987951,0.5308641975308642,1.5421686746987953,1.691358024691358,1
Austria,Northern Ireland,29,13,12,3,43,13,0.4137931034482758,0.2307692307692307,1.4827586206896552,1.0,-1
Belgium,Russia,48,45,20,19,68,77,0.4166666666666667,0.4222222222222222,1.4166666666666667,1.711111111111111,0
Argentina,Brazil,81,109,43,73,137,229,0.5308641975308642,0.6697247706422018,1.691358024691358,2.1009174311926606,0
Spain,Germany,63,109,30,67,99,226,0.4761904761904761,0.6146788990825688,1.5714285714285714,2.073394495412844,0
France,Northern Ireland,66,13,34,3,120,13,0.5151515151515151,0.2307692307692307,1.818181818181818,1.0,1
Poland,Russia,34,45,16,19,46,77,0.4705882352941176,0.4222222222222222,1.3529411764705883,1.711111111111111,-1
Italy,Brazil,83,109,45,73,128,229,0.5421686746987951,0.6697247706422018,1.5421686746987953,2.1009174311926606,1
Spain,England,63,69,30,29,99,91,0.4761904761904761,0.4202898550724637,1.5714285714285714,1.318840579710145,-1
Germany,France,109,66,67,34,226,120,0.6146788990825688,0.5151515151515151,2.073394495412844,1.818181818181818,-1
Poland,Italy,34,83,16,45,46,128,0.4705882352941176,0.5421686746987951,1.3529411764705883,1.5421686746987953,0
Poland,France,34,66,16,34,46,120,0.4705882352941176,0.5151515151515151,1.3529411764705883,1.818181818181818,1
Italy,Germany,83,109,45,67,128,226,0.5421686746987951,0.6146788990825688,1.5421686746987953,2.073394495412844,1
Bulgaria,Italy,26,83,3,45,22,128,0.1153846153846153,0.5421686746987951,0.8461538461538461,1.5421686746987953,-1
Canada,France,3,66,0,34,0,120,0.0,0.5151515151515151,0.0,1.818181818181818,0
Spain,Brazil,63,109,30,73,99,229,0.4761904761904761,0.6697247706422018,1.5714285714285714,2.1009174311926606,0
Argentina,Korea Republic,81,34,43,6,137,34,0.5308641975308642,0.1764705882352941,1.691358024691358,1.0,1
Morocco,Poland,16,34,2,16,14,46,0.125,0.4705882352941176,0.875,1.3529411764705883,-1
Russia,Hungary,45,32,19,15,77,87,0.4222222222222222,0.46875,1.711111111111111,2.71875,1
Algeria,Northern Ireland,13,13,3,3,13,13,0.2307692307692307,0.2307692307692307,1.0,1.0,-1
Mexico,Belgium,57,48,16,20,60,68,0.2807017543859649,0.4166666666666667,1.0526315789473684,1.4166666666666667,1
Portugal,England,30,69,14,29,49,91,0.4666666666666667,0.4202898550724637,1.6333333333333333,1.318840579710145,1
Paraguay,Iraq,27,3,7,0,30,1,0.2592592592592592,0.0,1.1111111111111112,0.3333333333333333,1
Scotland,Denmark,23,20,4,9,25,30,0.1739130434782608,0.45,1.0869565217391304,1.5,0
Uruguay,Germany,56,109,24,67,87,226,0.4285714285714285,0.6146788990825688,1.5535714285714286,2.073394495412844,-1
France,Russia,66,45,34,19,120,77,0.5151515151515151,0.4222222222222222,1.818181818181818,1.711111111111111,-1
Italy,Argentina,83,81,45,43,128,137,0.5421686746987951,0.5308641975308642,1.5421686746987953,1.691358024691358,-1
Korea Republic,Bulgaria,34,26,6,3,34,22,0.1764705882352941,0.1153846153846153,1.0,0.8461538461538461,-1
Brazil,Algeria,109,13,73,3,229,13,0.6697247706422018,0.2307692307692307,2.1009174311926606,1.0,1
England,Morocco,69,16,29,2,91,14,0.4202898550724637,0.125,1.318840579710145,0.875,-1
Hungary,Canada,32,3,15,0,87,0,0.46875,0.0,2.71875,0.0,1
Mexico,Paraguay,57,27,16,7,60,30,0.2807017543859649,0.2592592592592592,1.0526315789473684,1.1111111111111112,-1
Northern Ireland,Spain,13,63,3,30,13,99,0.2307692307692307,0.4761904761904761,1.0,1.5714285714285714,0
Poland,Portugal,34,30,16,14,46,49,0.4705882352941176,0.4666666666666667,1.3529411764705883,1.6333333333333333,1
Denmark,Uruguay,20,56,9,24,30,87,0.45,0.4285714285714285,1.5,1.5535714285714286,1
Germany,Scotland,109,23,67,4,226,25,0.6146788990825688,0.1739130434782608,2.073394495412844,1.0869565217391304,1
Iraq,Belgium,3,48,0,20,1,68,0.0,0.4166666666666667,0.3333333333333333,1.4166666666666667,0
Hungary,France,32,66,15,34,87,120,0.46875,0.5151515151515151,2.71875,1.818181818181818,0
Russia,Canada,45,3,19,0,77,0,0.4222222222222222,0.0,1.711111111111111,0.0,1
Argentina,Bulgaria,81,26,43,3,137,22,0.5308641975308642,0.1153846153846153,1.691358024691358,0.8461538461538461,1
Korea Republic,Italy,34,83,6,45,34,128,0.1764705882352941,0.5421686746987951,1.0,1.5421686746987953,0
England,Poland,69,34,29,16,91,46,0.4202898550724637,0.4705882352941176,1.318840579710145,1.3529411764705883,1
Mexico,Iraq,57,3,16,0,60,1,0.2807017543859649,0.0,1.0526315789473684,0.3333333333333333,1
Paraguay,Belgium,27,48,7,20,30,68,0.2592592592592592,0.4166666666666667,1.1111111111111112,1.4166666666666667,-1
Portugal,Morocco,30,16,14,2,49,14,0.4666666666666667,0.125,1.6333333333333333,0.875,0
Algeria,Spain,13,63,3,30,13,99,0.2307692307692307,0.4761904761904761,1.0,1.5714285714285714,0
Northern Ireland,Brazil,13,109,3,73,13,229,0.2307692307692307,0.6697247706422018,1.0,2.1009174311926606,0
Denmark,Germany,20,109,9,67,30,226,0.45,0.6146788990825688,1.5,2.073394495412844,1
Scotland,Uruguay,23,56,4,24,25,87,0.1739130434782608,0.4285714285714285,1.0869565217391304,1.5535714285714286,-1
Mexico,Bulgaria,57,26,16,3,60,22,0.2807017543859649,0.1153846153846153,1.0526315789473684,0.8461538461538461,1
Russia,Belgium,45,48,19,20,77,68,0.4222222222222222,0.4166666666666667,1.711111111111111,1.4166666666666667,0
Argentina,Uruguay,81,56,43,24,137,87,0.5308641975308642,0.4285714285714285,1.691358024691358,1.5535714285714286,1
Brazil,Poland,109,34,73,16,229,46,0.6697247706422018,0.4705882352941176,2.1009174311926606,1.3529411764705883,1
Italy,France,83,66,45,34,128,120,0.5421686746987951,0.5151515151515151,1.5421686746987953,1.818181818181818,0
Morocco,Germany,16,109,2,67,14,226,0.125,0.6146788990825688,0.875,2.073394495412844,0
Denmark,Spain,20,63,9,30,30,99,0.45,0.4761904761904761,1.5,1.5714285714285714,0
England,Paraguay,69,27,29,7,91,30,0.4202898550724637,0.2592592592592592,1.318840579710145,1.1111111111111112,1
Brazil,France,109,66,73,34,229,120,0.6697247706422018,0.5151515151515151,2.1009174311926606,1.818181818181818,-1
Mexico,Germany,57,109,16,67,60,226,0.2807017543859649,0.6146788990825688,1.0526315789473684,2.073394495412844,-1
Argentina,England,81,69,43,29,137,91,0.5308641975308642,0.4202898550724637,1.691358024691358,1.318840579710145,1
Spain,Belgium,63,48,30,20,99,68,0.4761904761904761,0.4166666666666667,1.5714285714285714,1.4166666666666667,-1
Argentina,Belgium,81,48,43,20,137,68,0.5308641975308642,0.4166666666666667,1.691358024691358,1.4166666666666667,1
France,Germany,66,109,34,67,120,226,0.5151515151515151,0.6146788990825688,1.818181818181818,2.073394495412844,0
France,Belgium,66,48,34,20,120,68,0.5151515151515151,0.4166666666666667,1.818181818181818,1.4166666666666667,1
Argentina,Germany,81,109,43,67,137,226,0.5308641975308642,0.6146788990825688,1.691358024691358,2.073394495412844,1
Argentina,Cameroon,81,23,43,4,137,18,0.5308641975308642,0.1739130434782608,1.691358024691358,0.782608695652174,0
Italy,Austria,83,29,45,12,128,43,0.5421686746987951,0.4137931034482758,1.5421686746987953,1.4827586206896552,1
Russia,Romania,45,21,19,8,77,30,0.4222222222222222,0.3809523809523809,1.711111111111111,1.4285714285714286,0
United Arab Emirates,Colombia,3,22,0,9,2,32,0.0,0.4090909090909091,0.6666666666666666,1.4545454545454546,0
Brazil,Sweden,109,51,73,19,229,80,0.6697247706422018,0.3725490196078431,2.1009174311926606,1.568627450980392,1
Germany,Yugoslavia,109,33,67,14,226,55,0.6146788990825688,0.4242424242424242,2.073394495412844,1.6666666666666667,1
USA,Czechoslovakia,33,30,8,11,37,44,0.2424242424242424,0.3666666666666666,1.121212121212121,1.4666666666666666,0
Costa Rica,Scotland,18,23,5,4,19,25,0.2777777777777778,0.1739130434782608,1.0555555555555556,1.0869565217391304,1
England,Ireland,69,13,29,2,91,10,0.4202898550724637,0.1538461538461538,1.318840579710145,0.7692307692307693,-1
Belgium,Korea Republic,48,34,20,6,68,34,0.4166666666666667,0.1764705882352941,1.4166666666666667,1.0,1
Netherlands,Egypt,50,7,27,0,86,5,0.54,0.0,1.72,0.7142857142857143,-1
Argentina,Russia,81,45,43,19,137,77,0.5308641975308642,0.4222222222222222,1.691358024691358,1.711111111111111,1
Uruguay,Spain,56,63,24,30,87,99,0.4285714285714285,0.4761904761904761,1.5535714285714286,1.5714285714285714,-1
Cameroon,Romania,23,21,4,8,18,30,0.1739130434782608,0.3809523809523809,0.782608695652174,1.4285714285714286,1
Italy,USA,83,33,45,8,128,37,0.5421686746987951,0.2424242424242424,1.5421686746987953,1.121212121212121,1
Yugoslavia,Colombia,33,22,14,9,55,32,0.4242424242424242,0.4090909090909091,1.6666666666666667,1.4545454545454546,1
Austria,Czechoslovakia,29,30,12,11,43,44,0.4137931034482758,0.3666666666666666,1.4827586206896552,1.4666666666666666,0
Germany,United Arab Emirates,109,3,67,0,226,2,0.6146788990825688,0.0,2.073394495412844,0.6666666666666666,1
Brazil,Costa Rica,109,18,73,5,229,19,0.6697247706422018,0.2777777777777778,2.1009174311926606,1.0555555555555556,1
England,Netherlands,69,50,29,27,91,86,0.4202898550724637,0.54,1.318840579710145,1.72,-1
Sweden,Scotland,51,23,19,4,80,25,0.3725490196078431,0.1739130434782608,1.568627450980392,1.0869565217391304,0
Belgium,Uruguay,48,56,20,24,68,87,0.4166666666666667,0.4285714285714285,1.4166666666666667,1.5535714285714286,1
Ireland,Egypt,13,7,2,0,10,5,0.1538461538461538,0.0,0.7692307692307693,0.7142857142857143,-1
Korea Republic,Spain,34,63,6,30,34,99,0.1764705882352941,0.4761904761904761,1.0,1.5714285714285714,0
Argentina,Romania,81,21,43,8,137,30,0.5308641975308642,0.3809523809523809,1.691358024691358,1.4285714285714286,-1
Cameroon,Russia,23,45,4,19,18,77,0.1739130434782608,0.4222222222222222,0.782608695652174,1.711111111111111,0
Austria,USA,29,33,12,8,43,37,0.4137931034482758,0.2424242424242424,1.4827586206896552,1.121212121212121,1
Germany,Colombia,109,22,67,9,226,32,0.6146788990825688,0.4090909090909091,2.073394495412844,1.4545454545454546,-1
Italy,Czechoslovakia,83,30,45,11,128,44,0.5421686746987951,0.3666666666666666,1.5421686746987953,1.4666666666666666,1
Yugoslavia,United Arab Emirates,33,3,14,0,55,2,0.4242424242424242,0.0,1.6666666666666667,0.6666666666666666,1
Brazil,Scotland,109,23,73,4,229,25,0.6697247706422018,0.1739130434782608,2.1009174311926606,1.0869565217391304,1
Sweden,Costa Rica,51,18,19,5,80,19,0.3725490196078431,0.2777777777777778,1.568627450980392,1.0555555555555556,0
Belgium,Spain,48,63,20,30,68,99,0.4166666666666667,0.4761904761904761,1.4166666666666667,1.5714285714285714,0
England,Egypt,69,7,29,0,91,5,0.4202898550724637,0.0,1.318840579710145,0.7142857142857143,1
Ireland,Netherlands,13,50,2,27,10,86,0.1538461538461538,0.54,0.7692307692307693,1.72,-1
Korea Republic,Uruguay,34,56,6,24,34,87,0.1764705882352941,0.4285714285714285,1.0,1.5535714285714286,0
Cameroon,Colombia,23,22,4,9,18,32,0.1739130434782608,0.4090909090909091,0.782608695652174,1.4545454545454546,1
Czechoslovakia,Costa Rica,30,18,11,5,44,19,0.3666666666666666,0.2777777777777778,1.4666666666666666,1.0555555555555556,1
Brazil,Argentina,109,81,73,43,229,137,0.6697247706422018,0.5308641975308642,2.1009174311926606,1.691358024691358,0
Germany,Netherlands,109,50,67,27,226,86,0.6146788990825688,0.54,2.073394495412844,1.72,1
Ireland,Romania,13,21,2,8,10,30,0.1538461538461538,0.3809523809523809,0.7692307692307693,1.4285714285714286,-1
Italy,Uruguay,83,56,45,24,128,87,0.5421686746987951,0.4285714285714285,1.5421686746987953,1.5535714285714286,1
England,Belgium,69,48,29,20,91,68,0.4202898550724637,0.4166666666666667,1.318840579710145,1.4166666666666667,1
Spain,Yugoslavia,63,33,30,14,99,55,0.4761904761904761,0.4242424242424242,1.5714285714285714,1.6666666666666667,0
Italy,Ireland,83,13,45,2,128,10,0.5421686746987951,0.1538461538461538,1.5421686746987953,0.7692307692307693,1
Yugoslavia,Argentina,33,81,14,43,55,137,0.4242424242424242,0.5308641975308642,1.6666666666666667,1.691358024691358,-1
Cameroon,England,23,69,4,29,18,91,0.1739130434782608,0.4202898550724637,0.782608695652174,1.318840579710145,0
Germany,Czechoslovakia,109,30,67,11,226,44,0.6146788990825688,0.3666666666666666,2.073394495412844,1.4666666666666666,1
Italy,Argentina,83,81,45,43,128,137,0.5421686746987951,0.5308641975308642,1.5421686746987953,1.691358024691358,-1
Germany,England,109,69,67,29,226,91,0.6146788990825688,0.4202898550724637,2.073394495412844,1.318840579710145,-1
Italy,England,83,69,45,29,128,91,0.5421686746987951,0.4202898550724637,1.5421686746987953,1.318840579710145,1
Germany,Argentina,109,81,67,43,226,137,0.6146788990825688,0.5308641975308642,2.073394495412844,1.691358024691358,1
Germany,Bolivia,109,6,67,0,226,1,0.6146788990825688,0.0,2.073394495412844,0.1666666666666666,1
Spain,Korea Republic,63,34,30,6,99,34,0.4761904761904761,0.1764705882352941,1.5714285714285714,1.0,-1
Colombia,Romania,22,21,9,8,32,30,0.4090909090909091,0.3809523809523809,1.4545454545454546,1.4285714285714286,0
Italy,Ireland,83,13,45,2,128,10,0.5421686746987951,0.1538461538461538,1.5421686746987953,0.7692307692307693,0
USA,Switzerland,33,37,8,12,37,50,0.2424242424242424,0.3243243243243243,1.121212121212121,1.351351351351351,-1
Belgium,Morocco,48,16,20,2,68,14,0.4166666666666667,0.125,1.4166666666666667,0.875,1
Cameroon,Sweden,23,51,4,19,18,80,0.1739130434782608,0.3725490196078431,0.782608695652174,1.568627450980392,-1
Norway,Mexico,8,57,2,16,7,60,0.25,0.2807017543859649,0.875,1.0526315789473684,1
Brazil,Russia,109,45,73,19,229,77,0.6697247706422018,0.4222222222222222,2.1009174311926606,1.711111111111111,1
Netherlands,Saudi Arabia,50,16,27,3,86,11,0.54,0.1875,1.72,0.6875,1
Argentina,Greece,81,10,43,2,137,5,0.5308641975308642,0.2,1.691358024691358,0.5,1
Germany,Spain,109,63,67,30,226,99,0.6146788990825688,0.4761904761904761,2.073394495412844,1.5714285714285714,-1
Nigeria,Bulgaria,21,26,6,3,23,22,0.2857142857142857,0.1153846153846153,1.0952380952380951,0.8461538461538461,1
Romania,Switzerland,21,37,8,12,30,50,0.3809523809523809,0.3243243243243243,1.4285714285714286,1.351351351351351,0
USA,Colombia,33,22,8,9,37,32,0.2424242424242424,0.4090909090909091,1.121212121212121,1.4545454545454546,1
Italy,Norway,83,8,45,2,128,7,0.5421686746987951,0.25,1.5421686746987953,0.875,1
Korea Republic,Bolivia,34,6,6,0,34,1,0.1764705882352941,0.0,1.0,0.1666666666666666,-1
Brazil,Cameroon,109,23,73,4,229,18,0.6697247706422018,0.1739130434782608,2.1009174311926606,0.782608695652174,1
Mexico,Ireland,57,13,16,2,60,10,0.2807017543859649,0.1538461538461538,1.0526315789473684,0.7692307692307693,1
Sweden,Russia,51,45,19,19,80,77,0.3725490196078431,0.4222222222222222,1.568627450980392,1.711111111111111,1
Argentina,Nigeria,81,21,43,6,137,23,0.5308641975308642,0.2857142857142857,1.691358024691358,1.0952380952380951,1
Belgium,Netherlands,48,50,20,27,68,86,0.4166666666666667,0.54,1.4166666666666667,1.72,1
Saudi Arabia,Morocco,16,16,3,2,11,14,0.1875,0.125,0.6875,0.875,1
Bulgaria,Greece,26,10,3,2,22,5,0.1153846153846153,0.2,0.8461538461538461,0.5,1
Switzerland,Colombia,37,22,12,9,50,32,0.3243243243243243,0.4090909090909091,1.351351351351351,1.4545454545454546,0
USA,Romania,33,21,8,8,37,30,0.2424242424242424,0.3809523809523809,1.121212121212121,1.4285714285714286,0
Bolivia,Spain,6,63,0,30,1,99,0.0,0.4761904761904761,0.1666666666666666,1.5714285714285714,0
Germany,Korea Republic,109,34,67,6,226,34,0.6146788990825688,0.1764705882352941,2.073394495412844,1.0,1
Brazil,Sweden,109,51,73,19,229,80,0.6697247706422018,0.3725490196078431,2.1009174311926606,1.568627450980392,-1
Ireland,Norway,13,8,2,2,10,7,0.1538461538461538,0.25,0.7692307692307693,0.875,-1
Italy,Mexico,83,57,45,16,128,60,0.5421686746987951,0.2807017543859649,1.5421686746987953,1.0526315789473684,-1
Russia,Cameroon,45,23,19,4,77,18,0.4222222222222222,0.1739130434782608,1.711111111111111,0.782608695652174,1
Belgium,Saudi Arabia,48,16,20,3,68,11,0.4166666666666667,0.1875,1.4166666666666667,0.6875,0
Morocco,Netherlands,16,50,2,27,14,86,0.125,0.54,0.875,1.72,0
Argentina,Bulgaria,81,26,43,3,137,22,0.5308641975308642,0.1153846153846153,1.691358024691358,0.8461538461538461,0
Greece,Nigeria,10,21,2,6,5,23,0.2,0.2857142857142857,0.5,1.0952380952380951,0
Germany,Belgium,109,48,67,20,226,68,0.6146788990825688,0.4166666666666667,2.073394495412844,1.4166666666666667,1
Spain,Switzerland,63,37,30,12,99,50,0.4761904761904761,0.3243243243243243,1.5714285714285714,1.351351351351351,1
Romania,Argentina,21,81,8,43,30,137,0.3809523809523809,0.5308641975308642,1.4285714285714286,1.691358024691358,1
Saudi Arabia,Sweden,16,51,3,19,11,80,0.1875,0.3725490196078431,0.6875,1.568627450980392,0
Netherlands,Ireland,50,13,27,2,86,10,0.54,0.1538461538461538,1.72,0.7692307692307693,1
USA,Brazil,33,109,8,73,37,229,0.2424242424242424,0.6697247706422018,1.121212121212121,2.1009174311926606,0
Mexico,Bulgaria,57,26,16,3,60,22,0.2807017543859649,0.1153846153846153,1.0526315789473684,0.8461538461538461,-1
Nigeria,Italy,21,83,6,45,23,128,0.2857142857142857,0.5421686746987951,1.0952380952380951,1.5421686746987953,0
Italy,Spain,83,63,45,30,128,99,0.5421686746987951,0.4761904761904761,1.5421686746987953,1.5714285714285714,1
Netherlands,Brazil,50,109,27,73,86,229,0.54,0.6697247706422018,1.72,2.1009174311926606,0
Bulgaria,Germany,26,109,3,67,22,226,0.1153846153846153,0.6146788990825688,0.8461538461538461,2.073394495412844,1
Romania,Sweden,21,51,8,19,30,80,0.3809523809523809,0.3725490196078431,1.4285714285714286,1.568627450980392,-1
Bulgaria,Italy,26,83,3,45,22,128,0.1153846153846153,0.5421686746987951,0.8461538461538461,1.5421686746987953,0
Sweden,Brazil,51,109,19,73,80,229,0.3725490196078431,0.6697247706422018,1.568627450980392,2.1009174311926606,0
Sweden,Bulgaria,51,26,19,3,80,22,0.3725490196078431,0.1153846153846153,1.568627450980392,0.8461538461538461,1
Brazil,Italy,109,83,73,45,229,128,0.6697247706422018,0.5421686746987951,2.1009174311926606,1.5421686746987953,-1
Brazil,Scotland,109,23,73,4,229,25,0.6697247706422018,0.1739130434782608,2.1009174311926606,1.0869565217391304,1
Morocco,Norway,16,8,2,2,14,7,0.125,0.25,0.875,0.875,-1
Cameroon,Austria,23,29,4,12,18,43,0.1739130434782608,0.4137931034482758,0.782608695652174,1.4827586206896552,-1
Italy,Chile,83,33,45,11,128,40,0.5421686746987951,0.3333333333333333,1.5421686746987953,1.2121212121212122,-1
France,South Africa,66,9,34,2,120,11,0.5151515151515151,0.2222222222222222,1.818181818181818,1.2222222222222223,1
Paraguay,Bulgaria,27,26,7,3,30,22,0.2592592592592592,0.1153846153846153,1.1111111111111112,0.8461538461538461,-1
Saudi Arabia,Denmark,16,20,3,9,11,30,0.1875,0.45,0.6875,1.5,0
Korea Republic,Mexico,34,57,6,16,34,60,0.1764705882352941,0.2807017543859649,1.0,1.0526315789473684,0
Netherlands,Belgium,50,48,27,20,86,68,0.54,0.4166666666666667,1.72,1.4166666666666667,-1
Spain,Nigeria,63,21,30,6,99,23,0.4761904761904761,0.2857142857142857,1.5714285714285714,1.0952380952380951,0
Argentina,Japan,81,21,43,5,137,20,0.5308641975308642,0.238095238095238,1.691358024691358,0.9523809523809524,1
Jamaica,Croatia,3,23,1,11,3,35,0.3333333333333333,0.4782608695652174,1.0,1.5217391304347827,0
Serbia,Iran,13,15,4,2,11,9,0.3076923076923077,0.1333333333333333,0.8461538461538461,0.6,1
England,Tunisia,69,15,29,2,91,13,0.4202898550724637,0.1333333333333333,1.318840579710145,0.8666666666666667,1
Germany,USA,109,33,67,8,226,37,0.6146788990825688,0.2424242424242424,2.073394495412844,1.121212121212121,1
Romania,Colombia,21,22,8,9,30,32,0.3809523809523809,0.4090909090909091,1.4285714285714286,1.4545454545454546,1
Brazil,Morocco,109,16,73,2,229,14,0.6697247706422018,0.125,2.1009174311926606,0.875,1
Scotland,Norway,23,8,4,2,25,7,0.1739130434782608,0.25,1.0869565217391304,0.875,-1
Chile,Austria,33,29,11,12,40,43,0.3333333333333333,0.4137931034482758,1.2121212121212122,1.4827586206896552,-1
Italy,Cameroon,83,23,45,4,128,18,0.5421686746987951,0.1739130434782608,1.5421686746987953,0.782608695652174,1
France,Saudi Arabia,66,16,34,3,120,11,0.5151515151515151,0.1875,1.818181818181818,0.6875,1
South Africa,Denmark,9,20,2,9,11,30,0.2222222222222222,0.45,1.2222222222222223,1.5,-1
Nigeria,Bulgaria,21,26,6,3,23,22,0.2857142857142857,0.1153846153846153,1.0952380952380951,0.8461538461538461,1
Spain,Paraguay,63,27,30,7,99,30,0.4761904761904761,0.2592592592592592,1.5714285714285714,1.1111111111111112,-1
Belgium,Mexico,48,57,20,16,68,60,0.4166666666666667,0.2807017543859649,1.4166666666666667,1.0526315789473684,-1
Japan,Croatia,21,23,5,11,20,35,0.238095238095238,0.4782608695652174,0.9523809523809524,1.5217391304347827,0
Netherlands,Korea Republic,50,34,27,6,86,34,0.54,0.1764705882352941,1.72,1.0,1
Argentina,Jamaica,81,3,43,1,137,3,0.5308641975308642,0.3333333333333333,1.691358024691358,1.0,1
Germany,Serbia,109,13,67,4,226,11,0.6146788990825688,0.3076923076923077,2.073394495412844,0.8461538461538461,-1
USA,Iran,33,15,8,2,37,9,0.2424242424242424,0.1333333333333333,1.121212121212121,0.6,0
Colombia,Tunisia,22,15,9,2,32,13,0.4090909090909091,0.1333333333333333,1.4545454545454546,0.8666666666666667,1
Romania,England,21,69,8,29,30,91,0.3809523809523809,0.4202898550724637,1.4285714285714286,1.318840579710145,1
Brazil,Norway,109,8,73,2,229,7,0.6697247706422018,0.25,2.1009174311926606,0.875,0
Chile,Cameroon,33,23,11,4,40,18,0.3333333333333333,0.1739130434782608,1.2121212121212122,0.782608695652174,-1
Italy,Austria,83,29,45,12,128,43,0.5421686746987951,0.4137931034482758,1.5421686746987953,1.4827586206896552,1
Scotland,Morocco,23,16,4,2,25,14,0.1739130434782608,0.125,1.0869565217391304,0.875,0
France,Denmark,66,20,34,9,120,30,0.5151515151515151,0.45,1.818181818181818,1.5,1
Nigeria,Paraguay,21,27,6,7,23,30,0.2857142857142857,0.2592592592592592,1.0952380952380951,1.1111111111111112,0
South Africa,Saudi Arabia,9,16,2,3,11,11,0.2222222222222222,0.1875,1.2222222222222223,0.6875,-1
Spain,Bulgaria,63,26,30,3,99,22,0.4761904761904761,0.1153846153846153,1.5714285714285714,0.8461538461538461,1
Belgium,Korea Republic,48,34,20,6,68,34,0.4166666666666667,0.1764705882352941,1.4166666666666667,1.0,-1
Germany,Iran,109,15,67,2,226,9,0.6146788990825688,0.1333333333333333,2.073394495412844,0.6,1
Netherlands,Mexico,50,57,27,16,86,60,0.54,0.2807017543859649,1.72,1.0526315789473684,-1
USA,Serbia,33,13,8,4,37,11,0.2424242424242424,0.3076923076923077,1.121212121212121,0.8461538461538461,0
Argentina,Croatia,81,23,43,11,137,35,0.5308641975308642,0.4782608695652174,1.691358024691358,1.5217391304347827,1
Colombia,England,22,69,9,29,32,91,0.4090909090909091,0.4202898550724637,1.4545454545454546,1.318840579710145,0
Japan,Jamaica,21,3,5,1,20,3,0.238095238095238,0.3333333333333333,0.9523809523809524,1.0,0
Romania,Tunisia,21,15,8,2,30,13,0.3809523809523809,0.1333333333333333,1.4285714285714286,0.8666666666666667,-1
Brazil,Chile,109,33,73,11,229,40,0.6697247706422018,0.3333333333333333,2.1009174311926606,1.2121212121212122,1
Italy,Norway,83,8,45,2,128,7,0.5421686746987951,0.25,1.5421686746987953,0.875,1
France,Paraguay,66,27,34,7,120,30,0.5151515151515151,0.2592592592592592,1.818181818181818,1.1111111111111112,1
Nigeria,Denmark,21,20,6,9,23,30,0.2857142857142857,0.45,1.0952380952380951,1.5,0
Germany,Mexico,109,57,67,16,226,60,0.6146788990825688,0.2807017543859649,2.073394495412844,1.0526315789473684,1
Netherlands,Serbia,50,13,27,4,86,11,0.54,0.3076923076923077,1.72,0.8461538461538461,1
Argentina,England,81,69,43,29,137,91,0.5308641975308642,0.4202898550724637,1.691358024691358,1.318840579710145,-1
Romania,Croatia,21,23,8,11,30,35,0.3809523809523809,0.4782608695652174,1.4285714285714286,1.5217391304347827,0
Brazil,Denmark,109,20,73,9,229,30,0.6697247706422018,0.45,2.1009174311926606,1.5,1
France,Italy,66,83,34,45,120,128,0.5151515151515151,0.5421686746987951,1.818181818181818,1.5421686746987953,-1
Germany,Croatia,109,23,67,11,226,35,0.6146788990825688,0.4782608695652174,2.073394495412844,1.5217391304347827,0
Netherlands,Argentina,50,81,27,43,86,137,0.54,0.5308641975308642,1.72,1.691358024691358,1
Brazil,Netherlands,109,50,73,27,229,86,0.6697247706422018,0.54,2.1009174311926606,1.72,-1
France,Croatia,66,23,34,11,120,35,0.5151515151515151,0.4782608695652174,1.818181818181818,1.5217391304347827,1
Netherlands,Croatia,50,23,27,11,86,35,0.54,0.4782608695652174,1.72,1.5217391304347827,0
France,Brazil,66,109,34,73,120,229,0.5151515151515151,0.6697247706422018,1.818181818181818,2.1009174311926606,1
France,Senegal,66,8,34,3,120,11,0.5151515151515151,0.375,1.818181818181818,1.375,0
Germany,Saudi Arabia,109,16,67,3,226,11,0.6146788990825688,0.1875,2.073394495412844,0.6875,1
Ireland,Cameroon,13,23,2,4,10,18,0.1538461538461538,0.1739130434782608,0.7692307692307693,0.782608695652174,-1
Uruguay,Denmark,56,20,24,9,87,30,0.4285714285714285,0.45,1.5535714285714286,1.5,0
Argentina,Nigeria,81,21,43,6,137,23,0.5308641975308642,0.2857142857142857,1.691358024691358,1.0952380952380951,1
England,Sweden,69,51,29,19,91,80,0.4202898550724637,0.3725490196078431,1.318840579710145,1.568627450980392,-1
Paraguay,South Africa,27,9,7,2,30,11,0.2592592592592592,0.2222222222222222,1.1111111111111112,1.2222222222222223,-1
Spain,Slovenia,63,6,30,1,99,5,0.4761904761904761,0.1666666666666666,1.5714285714285714,0.8333333333333334,1
Brazil,Turkey,109,10,73,5,229,20,0.6697247706422018,0.5,2.1009174311926606,2.0,1
Croatia,Mexico,23,57,11,16,35,60,0.4782608695652174,0.2807017543859649,1.5217391304347827,1.0526315789473684,0
Italy,Ecuador,83,10,45,4,128,10,0.5421686746987951,0.4,1.5421686746987953,1.0,1
China,Costa Rica,3,18,0,5,0,19,0.0,0.2777777777777778,0.0,1.0555555555555556,0
Japan,Belgium,21,48,5,20,20,68,0.238095238095238,0.4166666666666667,0.9523809523809524,1.4166666666666667,-1
Korea Republic,Poland,34,34,6,16,34,46,0.1764705882352941,0.4705882352941176,1.0,1.3529411764705883,1
Germany,Ireland,109,13,67,2,226,10,0.6146788990825688,0.1538461538461538,2.073394495412844,0.7692307692307693,-1
Russia,Tunisia,45,15,19,2,77,13,0.4222222222222222,0.1333333333333333,1.711111111111111,0.8666666666666667,1
USA,Portugal,33,30,8,14,37,49,0.2424242424242424,0.4666666666666667,1.121212121212121,1.6333333333333333,1
Cameroon,Saudi Arabia,23,16,4,3,18,11,0.1739130434782608,0.1875,0.782608695652174,0.6875,1
Denmark,Senegal,20,8,9,3,30,11,0.45,0.375,1.5,1.375,-1
France,Uruguay,66,56,34,24,120,87,0.5151515151515151,0.4285714285714285,1.818181818181818,1.5535714285714286,-1
Argentina,England,81,69,43,29,137,91,0.5308641975308642,0.4202898550724637,1.691358024691358,1.318840579710145,0
Spain,Paraguay,63,27,30,7,99,30,0.4761904761904761,0.2592592592592592,1.5714285714285714,1.1111111111111112,1
Sweden,Nigeria,51,21,19,6,80,23,0.3725490196078431,0.2857142857142857,1.568627450980392,1.0952380952380951,1
Brazil,China,109,3,73,0,229,0,0.6697247706422018,0.0,2.1009174311926606,0.0,1
Italy,Croatia,83,23,45,11,128,35,0.5421686746987951,0.4782608695652174,1.5421686746987953,1.5217391304347827,0
South Africa,Slovenia,9,6,2,1,11,5,0.2222222222222222,0.1666666666666666,1.2222222222222223,0.8333333333333334,1
Costa Rica,Turkey,18,10,5,5,19,20,0.2777777777777778,0.5,1.0555555555555556,2.0,-1
Japan,Russia,21,45,5,19,20,77,0.238095238095238,0.4222222222222222,0.9523809523809524,1.711111111111111,1
Mexico,Ecuador,57,10,16,4,60,10,0.2807017543859649,0.4,1.0526315789473684,1.0,1
Korea Republic,USA,34,33,6,8,34,37,0.1764705882352941,0.2424242424242424,1.0,1.121212121212121,-1
Portugal,Poland,30,34,14,16,49,46,0.4666666666666667,0.4705882352941176,1.6333333333333333,1.3529411764705883,1
Tunisia,Belgium,15,48,2,20,13,68,0.1333333333333333,0.4166666666666667,0.8666666666666667,1.4166666666666667,-1
Cameroon,Germany,23,109,4,67,18,226,0.1739130434782608,0.6146788990825688,0.782608695652174,2.073394495412844,0
Denmark,France,20,66,9,34,30,120,0.45,0.5151515151515151,1.5,1.818181818181818,1
Saudi Arabia,Ireland,16,13,3,2,11,10,0.1875,0.1538461538461538,0.6875,0.7692307692307693,0
Senegal,Uruguay,8,56,3,24,11,87,0.375,0.4285714285714285,1.375,1.5535714285714286,-1
Nigeria,England,21,69,6,29,23,91,0.2857142857142857,0.4202898550724637,1.0952380952380951,1.318840579710145,-1
Slovenia,Paraguay,6,27,1,7,5,30,0.1666666666666666,0.2592592592592592,0.8333333333333334,1.1111111111111112,0
South Africa,Spain,9,63,2,30,11,99,0.2222222222222222,0.4761904761904761,1.2222222222222223,1.5714285714285714,0
Sweden,Argentina,51,81,19,43,80,137,0.3725490196078431,0.5308641975308642,1.568627450980392,1.691358024691358,-1
Costa Rica,Brazil,18,109,5,73,19,229,0.2777777777777778,0.6697247706422018,1.0555555555555556,2.1009174311926606,0
Ecuador,Croatia,10,23,4,11,10,35,0.4,0.4782608695652174,1.0,1.5217391304347827,1
Mexico,Italy,57,83,16,45,60,128,0.2807017543859649,0.5421686746987951,1.0526315789473684,1.5421686746987953,-1
Turkey,China,10,3,5,0,20,0,0.5,0.0,2.0,0.0,1
Belgium,Russia,48,45,20,19,68,77,0.4166666666666667,0.4222222222222222,1.4166666666666667,1.711111111111111,1
Japan,Tunisia,21,15,5,2,20,13,0.238095238095238,0.1333333333333333,0.9523809523809524,0.8666666666666667,1
Korea Republic,Portugal,34,30,6,14,34,49,0.1764705882352941,0.4666666666666667,1.0,1.6333333333333333,1
Poland,USA,34,33,16,8,46,37,0.4705882352941176,0.2424242424242424,1.3529411764705883,1.121212121212121,1
Denmark,England,20,69,9,29,30,91,0.45,0.4202898550724637,1.5,1.318840579710145,0
Germany,Paraguay,109,27,67,7,226,30,0.6146788990825688,0.2592592592592592,2.073394495412844,1.1111111111111112,1
Spain,Ireland,63,13,30,2,99,10,0.4761904761904761,0.1538461538461538,1.5714285714285714,0.7692307692307693,-1
Sweden,Senegal,51,8,19,3,80,11,0.3725490196078431,0.375,1.568627450980392,1.375,0
Brazil,Belgium,109,48,73,20,229,68,0.6697247706422018,0.4166666666666667,2.1009174311926606,1.4166666666666667,1
Mexico,USA,57,33,16,8,60,37,0.2807017543859649,0.2424242424242424,1.0526315789473684,1.121212121212121,0
Japan,Turkey,21,10,5,5,20,20,0.238095238095238,0.5,0.9523809523809524,2.0,0
Korea Republic,Italy,34,83,6,45,34,128,0.1764705882352941,0.5421686746987951,1.0,1.5421686746987953,1
England,Brazil,69,109,29,73,91,229,0.4202898550724637,0.6697247706422018,1.318840579710145,2.1009174311926606,0
Germany,USA,109,33,67,8,226,37,0.6146788990825688,0.2424242424242424,2.073394495412844,1.121212121212121,1
Korea Republic,Spain,34,63,6,30,34,99,0.1764705882352941,0.4761904761904761,1.0,1.5714285714285714,-1
Senegal,Turkey,8,10,3,5,11,20,0.375,0.5,1.375,2.0,0
Korea Republic,Germany,34,109,6,67,34,226,0.1764705882352941,0.6146788990825688,1.0,2.073394495412844,0
Brazil,Turkey,109,10,73,5,229,20,0.6697247706422018,0.5,2.1009174311926606,2.0,1
Korea Republic,Turkey,34,10,6,5,34,20,0.1764705882352941,0.5,1.0,2.0,0
Germany,Brazil,109,109,67,73,226,229,0.6146788990825688,0.6697247706422018,2.073394495412844,2.1009174311926606,0
Germany,Costa Rica,109,18,67,5,226,19,0.6146788990825688,0.2777777777777778,2.073394495412844,1.0555555555555556,1
Poland,Ecuador,34,10,16,4,46,10,0.4705882352941176,0.4,1.3529411764705883,1.0,0
Argentina,Ivory Coast,81,9,43,3,137,13,0.5308641975308642,0.3333333333333333,1.691358024691358,1.4444444444444444,1
England,Paraguay,69,27,29,7,91,30,0.4202898550724637,0.2592592592592592,1.318840579710145,1.1111111111111112,1
Trinidad and Tobago,Sweden,3,51,0,19,0,80,0.0,0.3725490196078431,0.0,1.568627450980392,-1
Angola,Portugal,3,30,0,14,1,49,0.0,0.4666666666666667,0.3333333333333333,1.6333333333333333,0
Mexico,Iran,57,15,16,2,60,9,0.2807017543859649,0.1333333333333333,1.0526315789473684,0.6,1
Serbia,Netherlands,13,50,4,27,11,86,0.3076923076923077,0.54,0.8461538461538461,1.72,0
Australia,Japan,16,21,2,5,13,20,0.125,0.238095238095238,0.8125,0.9523809523809524,1
Italy,Ghana,83,12,45,4,128,13,0.5421686746987951,0.3333333333333333,1.5421686746987953,1.0833333333333333,1
USA,Czech Republic,33,3,8,1,37,3,0.2424242424242424,0.3333333333333333,1.121212121212121,1.0,0
Brazil,Croatia,109,23,73,11,229,35,0.6697247706422018,0.4782608695652174,2.1009174311926606,1.5217391304347827,1
France,Switzerland,66,37,34,12,120,50,0.5151515151515151,0.3243243243243243,1.818181818181818,1.351351351351351,-1
Korea Republic,Togo,34,3,6,0,34,1,0.1764705882352941,0.0,1.0,0.3333333333333333,1
Germany,Poland,109,34,67,16,226,46,0.6146788990825688,0.4705882352941176,2.073394495412844,1.3529411764705883,1
Spain,Ukraine,63,5,30,2,99,5,0.4761904761904761,0.4,1.5714285714285714,1.0,1
Tunisia,Saudi Arabia,15,16,2,3,13,11,0.1333333333333333,0.1875,0.8666666666666667,0.6875,-1
Ecuador,Costa Rica,10,18,4,5,10,19,0.4,0.2777777777777778,1.0,1.0555555555555556,1
England,Trinidad and Tobago,69,3,29,0,91,0,0.4202898550724637,0.0,1.318840579710145,0.0,1
Sweden,Paraguay,51,27,19,7,80,30,0.3725490196078431,0.2592592592592592,1.568627450980392,1.1111111111111112,1
Argentina,Serbia,81,13,43,4,137,11,0.5308641975308642,0.3076923076923077,1.691358024691358,0.8461538461538461,1
Mexico,Angola,57,3,16,0,60,1,0.2807017543859649,0.0,1.0526315789473684,0.3333333333333333,-1
Netherlands,Ivory Coast,50,9,27,3,86,13,0.54,0.3333333333333333,1.72,1.4444444444444444,1
Czech Republic,Ghana,3,12,1,4,3,13,0.3333333333333333,0.3333333333333333,1.0,1.0833333333333333,0
Italy,USA,83,33,45,8,128,37,0.5421686746987951,0.2424242424242424,1.5421686746987953,1.121212121212121,-1
Portugal,Iran,30,15,14,2,49,9,0.4666666666666667,0.1333333333333333,1.6333333333333333,0.6,1
Brazil,Australia,109,16,73,2,229,13,0.6697247706422018,0.125,2.1009174311926606,0.8125,1
France,Korea Republic,66,34,34,6,120,34,0.5151515151515151,0.1764705882352941,1.818181818181818,1.0,-1
Japan,Croatia,21,23,5,11,20,35,0.238095238095238,0.4782608695652174,0.9523809523809524,1.5217391304347827,-1
Saudi Arabia,Ukraine,16,5,3,2,11,5,0.1875,0.4,0.6875,1.0,0
Spain,Tunisia,63,15,30,2,99,13,0.4761904761904761,0.1333333333333333,1.5714285714285714,0.8666666666666667,1
Togo,Switzerland,3,37,0,12,1,50,0.0,0.3243243243243243,0.3333333333333333,1.351351351351351,0
Costa Rica,Poland,18,34,5,16,19,46,0.2777777777777778,0.4705882352941176,1.0555555555555556,1.3529411764705883,0
Germany,Ecuador,109,10,67,4,226,10,0.6146788990825688,0.4,2.073394495412844,1.0,1
Paraguay,Trinidad and Tobago,27,3,7,0,30,0,0.2592592592592592,0.0,1.1111111111111112,0.0,1
Sweden,England,51,69,19,29,80,91,0.3725490196078431,0.4202898550724637,1.568627450980392,1.318840579710145,-1
Iran,Angola,15,3,2,0,9,1,0.1333333333333333,0.0,0.6,0.3333333333333333,-1
Ivory Coast,Serbia,9,13,3,4,13,11,0.3333333333333333,0.3076923076923077,1.4444444444444444,0.8461538461538461,1
Netherlands,Argentina,50,81,27,43,86,137,0.54,0.5308641975308642,1.72,1.691358024691358,-1
Portugal,Mexico,30,57,14,16,49,60,0.4666666666666667,0.2807017543859649,1.6333333333333333,1.0526315789473684,1
Croatia,Australia,23,16,11,2,35,13,0.4782608695652174,0.125,1.5217391304347827,0.8125,-1
Czech Republic,Italy,3,83,1,45,3,128,0.3333333333333333,0.5421686746987951,1.0,1.5421686746987953,0
Ghana,USA,12,33,4,8,13,37,0.3333333333333333,0.2424242424242424,1.0833333333333333,1.121212121212121,1
Japan,Brazil,21,109,5,73,20,229,0.238095238095238,0.6697247706422018,0.9523809523809524,2.1009174311926606,0
Saudi Arabia,Spain,16,63,3,30,11,99,0.1875,0.4761904761904761,0.6875,1.5714285714285714,0
Switzerland,Korea Republic,37,34,12,6,50,34,0.3243243243243243,0.1764705882352941,1.351351351351351,1.0,1
Togo,France,3,66,0,34,1,120,0.0,0.5151515151515151,0.3333333333333333,1.818181818181818,0
Ukraine,Tunisia,5,15,2,2,5,13,0.4,0.1333333333333333,1.0,0.8666666666666667,1
Argentina,Mexico,81,57,43,16,137,60,0.5308641975308642,0.2807017543859649,1.691358024691358,1.0526315789473684,1
Germany,Sweden,109,51,67,19,226,80,0.6146788990825688,0.3725490196078431,2.073394495412844,1.568627450980392,1
England,Ecuador,69,10,29,4,91,10,0.4202898550724637,0.4,1.318840579710145,1.0,1
Portugal,Netherlands,30,50,14,27,49,86,0.4666666666666667,0.54,1.6333333333333333,1.72,1
Italy,Australia,83,16,45,2,128,13,0.5421686746987951,0.125,1.5421686746987953,0.8125,1
Switzerland,Ukraine,37,5,12,2,50,5,0.3243243243243243,0.4,1.351351351351351,1.0,-1
Brazil,Ghana,109,12,73,4,229,13,0.6697247706422018,0.3333333333333333,2.1009174311926606,1.0833333333333333,1
Spain,France,63,66,30,34,99,120,0.4761904761904761,0.5151515151515151,1.5714285714285714,1.818181818181818,0
Germany,Argentina,109,81,67,43,226,137,0.6146788990825688,0.5308641975308642,2.073394495412844,1.691358024691358,-1
Italy,Ukraine,83,5,45,2,128,5,0.5421686746987951,0.4,1.5421686746987953,1.0,1
Brazil,France,109,66,73,34,229,120,0.6697247706422018,0.5151515151515151,2.1009174311926606,1.818181818181818,0
England,Portugal,69,30,29,14,91,49,0.4202898550724637,0.4666666666666667,1.318840579710145,1.6333333333333333,-1
Germany,Italy,109,83,67,45,226,128,0.6146788990825688,0.5421686746987951,2.073394495412844,1.5421686746987953,0
Portugal,France,30,66,14,34,49,120,0.4666666666666667,0.5151515151515151,1.6333333333333333,1.818181818181818,0
Germany,Portugal,109,30,67,14,226,49,0.6146788990825688,0.4666666666666667,2.073394495412844,1.6333333333333333,1
Italy,France,83,66,45,34,128,120,0.5421686746987951,0.5151515151515151,1.5421686746987953,1.818181818181818,-1
South Africa,Mexico,9,57,2,16,11,60,0.2222222222222222,0.2807017543859649,1.2222222222222223,1.0526315789473684,-1
Uruguay,France,56,66,24,34,87,120,0.4285714285714285,0.5151515151515151,1.5535714285714286,1.818181818181818,-1
Argentina,Nigeria,81,21,43,6,137,23,0.5308641975308642,0.2857142857142857,1.691358024691358,1.0952380952380951,1
England,USA,69,33,29,8,91,37,0.4202898550724637,0.2424242424242424,1.318840579710145,1.121212121212121,-1
Korea Republic,Greece,34,10,6,2,34,5,0.1764705882352941,0.2,1.0,0.5,1
Algeria,Slovenia,13,6,3,1,13,5,0.2307692307692307,0.1666666666666666,1.0,0.8333333333333334,0
Germany,Australia,109,16,67,2,226,13,0.6146788990825688,0.125,2.073394495412844,0.8125,1
Serbia,Ghana,13,12,4,4,11,13,0.3076923076923077,0.3333333333333333,0.8461538461538461,1.0833333333333333,0
Italy,Paraguay,83,27,45,7,128,30,0.5421686746987951,0.2592592592592592,1.5421686746987953,1.1111111111111112,-1
Japan,Cameroon,21,23,5,4,20,18,0.238095238095238,0.1739130434782608,0.9523809523809524,0.782608695652174,1
Netherlands,Denmark,50,20,27,9,86,30,0.54,0.45,1.72,1.5,1
Brazil,Korea DPR,109,7,73,1,229,6,0.6697247706422018,0.1428571428571428,2.1009174311926606,0.8571428571428571,1
Ivory Coast,Portugal,9,30,3,14,13,49,0.3333333333333333,0.4666666666666667,1.4444444444444444,1.6333333333333333,-1
New Zealand,Slovakia,6,4,0,1,4,5,0.0,0.25,0.6666666666666666,1.25,-1
Honduras,Chile,9,33,0,11,3,40,0.0,0.3333333333333333,0.3333333333333333,1.2121212121212122,0
South Africa,Uruguay,9,56,2,24,11,87,0.2222222222222222,0.4285714285714285,1.2222222222222223,1.5535714285714286,0
Spain,Switzerland,63,37,30,12,99,50,0.4761904761904761,0.3243243243243243,1.5714285714285714,1.351351351351351,0
Argentina,Korea Republic,81,34,43,6,137,34,0.5308641975308642,0.1764705882352941,1.691358024691358,1.0,1
France,Mexico,66,57,34,16,120,60,0.5151515151515151,0.2807017543859649,1.818181818181818,1.0526315789473684,0
Greece,Nigeria,10,21,2,6,5,23,0.2,0.2857142857142857,0.5,1.0952380952380951,1
England,Algeria,69,13,29,3,91,13,0.4202898550724637,0.2307692307692307,1.318840579710145,1.0,-1
Germany,Serbia,109,13,67,4,226,11,0.6146788990825688,0.3076923076923077,2.073394495412844,0.8461538461538461,0
Slovenia,USA,6,33,1,8,5,37,0.1666666666666666,0.2424242424242424,0.8333333333333334,1.121212121212121,-1
Cameroon,Denmark,23,20,4,9,18,30,0.1739130434782608,0.45,0.782608695652174,1.5,0
Ghana,Australia,12,16,4,2,13,13,0.3333333333333333,0.125,1.0833333333333333,0.8125,-1
Netherlands,Japan,50,21,27,5,86,20,0.54,0.238095238095238,1.72,0.9523809523809524,1
Brazil,Ivory Coast,109,9,73,3,229,13,0.6697247706422018,0.3333333333333333,2.1009174311926606,1.4444444444444444,1
Italy,New Zealand,83,6,45,0,128,4,0.5421686746987951,0.0,1.5421686746987953,0.6666666666666666,-1
Slovakia,Paraguay,4,27,1,7,5,30,0.25,0.2592592592592592,1.25,1.1111111111111112,0
Chile,Switzerland,33,37,11,12,40,50,0.3333333333333333,0.3243243243243243,1.2121212121212122,1.351351351351351,1
Portugal,Korea DPR,30,7,14,1,49,6,0.4666666666666667,0.1428571428571428,1.6333333333333333,0.8571428571428571,1
Spain,Honduras,63,9,30,0,99,3,0.4761904761904761,0.0,1.5714285714285714,0.3333333333333333,1
Greece,Argentina,10,81,2,43,5,137,0.2,0.5308641975308642,0.5,1.691358024691358,0
Mexico,Uruguay,57,56,16,24,60,87,0.2807017543859649,0.4285714285714285,1.0526315789473684,1.5535714285714286,0
Nigeria,Korea Republic,21,34,6,6,23,34,0.2857142857142857,0.1764705882352941,1.0952380952380951,1.0,-1
South Africa,France,9,66,2,34,11,120,0.2222222222222222,0.5151515151515151,1.2222222222222223,1.818181818181818,1
Australia,Serbia,16,13,2,4,13,11,0.125,0.3076923076923077,0.8125,0.8461538461538461,1
Ghana,Germany,12,109,4,67,13,226,0.3333333333333333,0.6146788990825688,1.0833333333333333,2.073394495412844,0
Slovenia,England,6,69,1,29,5,91,0.1666666666666666,0.4202898550724637,0.8333333333333334,1.318840579710145,0
USA,Algeria,33,13,8,3,37,13,0.2424242424242424,0.2307692307692307,1.121212121212121,1.0,1
Cameroon,Netherlands,23,50,4,27,18,86,0.1739130434782608,0.54,0.782608695652174,1.72,0
Denmark,Japan,20,21,9,5,30,20,0.45,0.238095238095238,1.5,0.9523809523809524,0
Paraguay,New Zealand,27,6,7,0,30,4,0.2592592592592592,0.0,1.1111111111111112,0.6666666666666666,-1
Slovakia,Italy,4,83,1,45,5,128,0.25,0.5421686746987951,1.25,1.5421686746987953,1
Chile,Spain,33,63,11,30,40,99,0.3333333333333333,0.4761904761904761,1.2121212121212122,1.5714285714285714,0
Korea DPR,Ivory Coast,7,9,1,3,6,13,0.1428571428571428,0.3333333333333333,0.8571428571428571,1.4444444444444444,0
Portugal,Brazil,30,109,14,73,49,229,0.4666666666666667,0.6697247706422018,1.6333333333333333,2.1009174311926606,-1
Switzerland,Honduras,37,9,12,0,50,3,0.3243243243243243,0.0,1.351351351351351,0.3333333333333333,-1
Uruguay,Korea Republic,56,34,24,6,87,34,0.4285714285714285,0.1764705882352941,1.5535714285714286,1.0,1
USA,Ghana,33,12,8,4,37,13,0.2424242424242424,0.3333333333333333,1.121212121212121,1.0833333333333333,0
Argentina,Mexico,81,57,43,16,137,60,0.5308641975308642,0.2807017543859649,1.691358024691358,1.0526315789473684,1
Germany,England,109,69,67,29,226,91,0.6146788990825688,0.4202898550724637,2.073394495412844,1.318840579710145,1
Brazil,Chile,109,33,73,11,229,40,0.6697247706422018,0.3333333333333333,2.1009174311926606,1.2121212121212122,1
Netherlands,Slovakia,50,4,27,1,86,5,0.54,0.25,1.72,1.25,1
Paraguay,Japan,27,21,7,5,30,20,0.2592592592592592,0.238095238095238,1.1111111111111112,0.9523809523809524,-1
Spain,Portugal,63,30,30,14,99,49,0.4761904761904761,0.4666666666666667,1.5714285714285714,1.6333333333333333,1
Netherlands,Brazil,50,109,27,73,86,229,0.54,0.6697247706422018,1.72,2.1009174311926606,1
Uruguay,Ghana,56,12,24,4,87,13,0.4285714285714285,0.3333333333333333,1.5535714285714286,1.0833333333333333,-1
Argentina,Germany,81,109,43,67,137,226,0.5308641975308642,0.6146788990825688,1.691358024691358,2.073394495412844,0
Paraguay,Spain,27,63,7,30,30,99,0.2592592592592592,0.4761904761904761,1.1111111111111112,1.5714285714285714,0
Uruguay,Netherlands,56,50,24,27,87,86,0.4285714285714285,0.54,1.5535714285714286,1.72,0
Germany,Spain,109,63,67,30,226,99,0.6146788990825688,0.4761904761904761,2.073394495412844,1.5714285714285714,0
Uruguay,Germany,56,109,24,67,87,226,0.4285714285714285,0.6146788990825688,1.5535714285714286,2.073394495412844,0
Netherlands,Spain,50,63,27,30,86,99,0.54,0.4761904761904761,1.72,1.5714285714285714,0
Brazil,Croatia,109,23,73,11,229,35,0.6697247706422018,0.4782608695652174,2.1009174311926606,1.5217391304347827,1
Chile,Australia,33,16,11,2,40,13,0.3333333333333333,0.125,1.2121212121212122,0.8125,1
Mexico,Cameroon,57,23,16,4,60,18,0.2807017543859649,0.1739130434782608,1.0526315789473684,0.782608695652174,1
Spain,Netherlands,63,50,30,27,99,86,0.4761904761904761,0.54,1.5714285714285714,1.72,0
Colombia,Greece,22,10,9,2,32,5,0.4090909090909091,0.2,1.4545454545454546,0.5,1
England,Italy,69,83,29,45,91,128,0.4202898550724637,0.5421686746987951,1.318840579710145,1.5421686746987953,0
Ivory Coast,Japan,9,21,3,5,13,20,0.3333333333333333,0.238095238095238,1.4444444444444444,0.9523809523809524,1
Uruguay,Costa Rica,56,18,24,5,87,19,0.4285714285714285,0.2777777777777778,1.5535714285714286,1.0555555555555556,0
Argentina,Bosnia-Herzegovina,81,3,43,1,137,4,0.5308641975308642,0.3333333333333333,1.691358024691358,1.3333333333333333,1
France,Honduras,66,9,34,0,120,3,0.5151515151515151,0.0,1.818181818181818,0.3333333333333333,1
Switzerland,Ecuador,37,10,12,4,50,10,0.3243243243243243,0.4,1.351351351351351,1.0,1
Germany,Portugal,109,30,67,14,226,49,0.6146788990825688,0.4666666666666667,2.073394495412844,1.6333333333333333,1
Ghana,USA,12,33,4,8,13,37,0.3333333333333333,0.2424242424242424,1.0833333333333333,1.121212121212121,0
Iran,Nigeria,15,21,2,6,9,23,0.1333333333333333,0.2857142857142857,0.6,1.0952380952380951,-1
Belgium,Algeria,48,13,20,3,68,13,0.4166666666666667,0.2307692307692307,1.4166666666666667,1.0,1
Brazil,Mexico,109,57,73,16,229,60,0.6697247706422018,0.2807017543859649,2.1009174311926606,1.0526315789473684,-1
Russia,Korea Republic,45,34,19,6,77,34,0.4222222222222222,0.1764705882352941,1.711111111111111,1.0,-1
Australia,Netherlands,16,50,2,27,13,86,0.125,0.54,0.8125,1.72,0
Cameroon,Croatia,23,23,4,11,18,35,0.1739130434782608,0.4782608695652174,0.782608695652174,1.5217391304347827,0
Spain,Chile,63,33,30,11,99,40,0.4761904761904761,0.3333333333333333,1.5714285714285714,1.2121212121212122,0
Colombia,Ivory Coast,22,9,9,3,32,13,0.4090909090909091,0.3333333333333333,1.4545454545454546,1.4444444444444444,1
Japan,Greece,21,10,5,2,20,5,0.238095238095238,0.2,0.9523809523809524,0.5,-1
Uruguay,England,56,69,24,29,87,91,0.4285714285714285,0.4202898550724637,1.5535714285714286,1.318840579710145,1
Honduras,Ecuador,9,10,0,4,3,10,0.0,0.4,0.3333333333333333,1.0,0
Italy,Costa Rica,83,18,45,5,128,19,0.5421686746987951,0.2777777777777778,1.5421686746987953,1.0555555555555556,0
Switzerland,France,37,66,12,34,50,120,0.3243243243243243,0.5151515151515151,1.351351351351351,1.818181818181818,0
Argentina,Iran,81,15,43,2,137,9,0.5308641975308642,0.1333333333333333,1.691358024691358,0.6,1
Germany,Ghana,109,12,67,4,226,13,0.6146788990825688,0.3333333333333333,2.073394495412844,1.0833333333333333,-1
Nigeria,Bosnia-Herzegovina,21,3,6,1,23,4,0.2857142857142857,0.3333333333333333,1.0952380952380951,1.3333333333333333,1
Belgium,Russia,48,45,20,19,68,77,0.4166666666666667,0.4222222222222222,1.4166666666666667,1.711111111111111,1
Korea Republic,Algeria,34,13,6,3,34,13,0.1764705882352941,0.2307692307692307,1.0,1.0,0
USA,Portugal,33,30,8,14,37,49,0.2424242424242424,0.4666666666666667,1.121212121212121,1.6333333333333333,-1
Australia,Spain,16,63,2,30,13,99,0.125,0.4761904761904761,0.8125,1.5714285714285714,0
Brazil,Cameroon,109,23,73,4,229,18,0.6697247706422018,0.1739130434782608,2.1009174311926606,0.782608695652174,1
Croatia,Mexico,23,57,11,16,35,60,0.4782608695652174,0.2807017543859649,1.5217391304347827,1.0526315789473684,0
Netherlands,Chile,50,33,27,11,86,40,0.54,0.3333333333333333,1.72,1.2121212121212122,1
Costa Rica,England,18,69,5,29,19,91,0.2777777777777778,0.4202898550724637,1.0555555555555556,1.318840579710145,-1
Greece,Ivory Coast,10,9,2,3,5,13,0.2,0.3333333333333333,0.5,1.4444444444444444,1
Italy,Uruguay,83,56,45,24,128,87,0.5421686746987951,0.4285714285714285,1.5421686746987953,1.5535714285714286,0
Japan,Colombia,21,22,5,9,20,32,0.238095238095238,0.4090909090909091,0.9523809523809524,1.4545454545454546,0
Bosnia-Herzegovina,Iran,3,15,1,2,4,9,0.3333333333333333,0.1333333333333333,1.3333333333333333,0.6,1
Ecuador,France,10,66,4,34,10,120,0.4,0.5151515151515151,1.0,1.818181818181818,-1
Honduras,Switzerland,9,37,0,12,3,50,0.0,0.3243243243243243,0.3333333333333333,1.351351351351351,0
Nigeria,Argentina,21,81,6,43,23,137,0.2857142857142857,0.5308641975308642,1.0952380952380951,1.691358024691358,0
Algeria,Russia,13,45,3,19,13,77,0.2307692307692307,0.4222222222222222,1.0,1.711111111111111,-1
Korea Republic,Belgium,34,48,6,20,34,68,0.1764705882352941,0.4166666666666667,1.0,1.4166666666666667,0
Portugal,Ghana,30,12,14,4,49,13,0.4666666666666667,0.3333333333333333,1.6333333333333333,1.0833333333333333,1
USA,Germany,33,109,8,67,37,226,0.2424242424242424,0.6146788990825688,1.121212121212121,2.073394495412844,0
Brazil,Chile,109,33,73,11,229,40,0.6697247706422018,0.3333333333333333,2.1009174311926606,1.2121212121212122,-1
Colombia,Uruguay,22,56,9,24,32,87,0.4090909090909091,0.4285714285714285,1.4545454545454546,1.5535714285714286,1
Costa Rica,Greece,18,10,5,2,19,5,0.2777777777777778,0.2,1.0555555555555556,0.5,-1
Netherlands,Mexico,50,57,27,16,86,60,0.54,0.2807017543859649,1.72,1.0526315789473684,1
France,Nigeria,66,21,34,6,120,23,0.5151515151515151,0.2857142857142857,1.818181818181818,1.0952380952380951,1
Germany,Algeria,109,13,67,3,226,13,0.6146788990825688,0.2307692307692307,2.073394495412844,1.0,1
Argentina,Switzerland,81,37,43,12,137,50,0.5308641975308642,0.3243243243243243,1.691358024691358,1.351351351351351,1
Belgium,USA,48,33,20,8,68,37,0.4166666666666667,0.2424242424242424,1.4166666666666667,1.121212121212121,1
Brazil,Colombia,109,22,73,9,229,32,0.6697247706422018,0.4090909090909091,2.1009174311926606,1.4545454545454546,1
France,Germany,66,109,34,67,120,226,0.5151515151515151,0.6146788990825688,1.818181818181818,2.073394495412844,0
Argentina,Belgium,81,48,43,20,137,68,0.5308641975308642,0.4166666666666667,1.691358024691358,1.4166666666666667,1
Netherlands,Costa Rica,50,18,27,5,86,19,0.54,0.2777777777777778,1.72,1.0555555555555556,-1
Brazil,Germany,109,109,73,67,229,226,0.6697247706422018,0.6146788990825688,2.1009174311926606,2.073394495412844,0
Netherlands,Argentina,50,81,27,43,86,137,0.54,0.5308641975308642,1.72,1.691358024691358,-1
Brazil,Netherlands,109,50,73,27,229,86,0.6697247706422018,0.54,2.1009174311926606,1.72,0
Germany,Argentina,109,81,67,43,226,137,0.6146788990825688,0.5308641975308642,2.073394495412844,1.691358024691358,1
Russia,Saudi Arabia,45,16,19,3,77,11,0.4222222222222222,0.1875,1.711111111111111,0.6875,1
Egypt,Uruguay,7,56,0,24,5,87,0.0,0.4285714285714285,0.7142857142857143,1.5535714285714286,0
Morocco,Iran,16,15,2,2,14,9,0.125,0.1333333333333333,0.875,0.6,0
Portugal,Spain,30,63,14,30,49,99,0.4666666666666667,0.4761904761904761,1.6333333333333333,1.5714285714285714,-1
France,Australia,66,16,34,2,120,13,0.5151515151515151,0.125,1.818181818181818,0.8125,1
Argentina,Iceland,81,3,43,0,137,2,0.5308641975308642,0.0,1.691358024691358,0.6666666666666666,-1
Peru,Denmark,18,20,5,9,21,30,0.2777777777777778,0.45,1.1666666666666667,1.5,0
Croatia,Nigeria,23,21,11,6,35,23,0.4782608695652174,0.2857142857142857,1.5217391304347827,1.0952380952380951,1
Costa Rica,Serbia,18,13,5,4,19,11,0.2777777777777778,0.3076923076923077,1.0555555555555556,0.8461538461538461,0
Germany,Mexico,109,57,67,16,226,60,0.6146788990825688,0.2807017543859649,2.073394495412844,1.0526315789473684,0
Brazil,Switzerland,109,37,73,12,229,50,0.6697247706422018,0.3243243243243243,2.1009174311926606,1.351351351351351,-1
Sweden,Korea Republic,51,34,19,6,80,34,0.3725490196078431,0.1764705882352941,1.568627450980392,1.0,1
Belgium,Panama,48,3,20,0,68,2,0.4166666666666667,0.0,1.4166666666666667,0.6666666666666666,1
Tunisia,England,15,69,2,29,13,91,0.1333333333333333,0.4202898550724637,0.8666666666666667,1.318840579710145,0
Colombia,Japan,22,21,9,5,32,20,0.4090909090909091,0.238095238095238,1.4545454545454546,0.9523809523809524,0
Poland,Senegal,34,8,16,3,46,11,0.4705882352941176,0.375,1.3529411764705883,1.375,0
Russia,Egypt,45,7,19,0,77,5,0.4222222222222222,0.0,1.711111111111111,0.7142857142857143,1
Portugal,Morocco,30,16,14,2,49,14,0.4666666666666667,0.125,1.6333333333333333,0.875,1
Uruguay,Saudi Arabia,56,16,24,3,87,11,0.4285714285714285,0.1875,1.5535714285714286,0.6875,1
Iran,Spain,15,63,2,30,9,99,0.1333333333333333,0.4761904761904761,0.6,1.5714285714285714,0
Denmark,Australia,20,16,9,2,30,13,0.45,0.125,1.5,0.8125,-1
France,Peru,66,18,34,5,120,21,0.5151515151515151,0.2777777777777778,1.818181818181818,1.1666666666666667,1
Argentina,Croatia,81,23,43,11,137,35,0.5308641975308642,0.4782608695652174,1.691358024691358,1.5217391304347827,0
Brazil,Costa Rica,109,18,73,5,229,19,0.6697247706422018,0.2777777777777778,2.1009174311926606,1.0555555555555556,1
Nigeria,Iceland,21,3,6,0,23,2,0.2857142857142857,0.0,1.0952380952380951,0.6666666666666666,1
Serbia,Switzerland,13,37,4,12,11,50,0.3076923076923077,0.3243243243243243,0.8461538461538461,1.351351351351351,0
Belgium,Tunisia,48,15,20,2,68,13,0.4166666666666667,0.1333333333333333,1.4166666666666667,0.8666666666666667,1
Korea Republic,Mexico,34,57,6,16,34,60,0.1764705882352941,0.2807017543859649,1.0,1.0526315789473684,0
Germany,Sweden,109,51,67,19,226,80,0.6146788990825688,0.3725490196078431,2.073394495412844,1.568627450980392,1
England,Panama,69,3,29,0,91,2,0.4202898550724637,0.0,1.318840579710145,0.6666666666666666,1
Japan,Senegal,21,8,5,3,20,11,0.238095238095238,0.375,0.9523809523809524,1.375,-1
Poland,Colombia,34,22,16,9,46,32,0.4705882352941176,0.4090909090909091,1.3529411764705883,1.4545454545454546,0
Russia,Uruguay,45,56,19,24,77,87,0.4222222222222222,0.4285714285714285,1.711111111111111,1.5535714285714286,0
Saudi Arabia,Egypt,16,7,3,0,11,5,0.1875,0.0,0.6875,0.7142857142857143,1
Spain,Morocco,63,16,30,2,99,14,0.4761904761904761,0.125,1.5714285714285714,0.875,-1
Iran,Portugal,15,30,2,14,9,49,0.1333333333333333,0.4666666666666667,0.6,1.6333333333333333,-1
Australia,Peru,16,18,2,5,13,21,0.125,0.2777777777777778,0.8125,1.1666666666666667,0
Denmark,France,20,66,9,34,30,120,0.45,0.5151515151515151,1.5,1.818181818181818,-1
Nigeria,Argentina,21,81,6,43,23,137,0.2857142857142857,0.5308641975308642,1.0952380952380951,1.691358024691358,0
Iceland,Croatia,3,23,0,11,2,35,0.0,0.4782608695652174,0.6666666666666666,1.5217391304347827,0
Korea Republic,Germany,34,109,6,67,34,226,0.1764705882352941,0.6146788990825688,1.0,2.073394495412844,1
Mexico,Sweden,57,51,16,19,60,80,0.2807017543859649,0.3725490196078431,1.0526315789473684,1.568627450980392,0
Serbia,Brazil,13,109,4,73,11,229,0.3076923076923077,0.6697247706422018,0.8461538461538461,2.1009174311926606,0
Switzerland,Costa Rica,37,18,12,5,50,19,0.3243243243243243,0.2777777777777778,1.351351351351351,1.0555555555555556,-1
Japan,Poland,21,34,5,16,20,46,0.238095238095238,0.4705882352941176,0.9523809523809524,1.3529411764705883,0
Senegal,Colombia,8,22,3,9,11,32,0.375,0.4090909090909091,1.375,1.4545454545454546,0
Panama,Tunisia,3,15,0,2,2,13,0.0,0.1333333333333333,0.6666666666666666,0.8666666666666667,0
England,Belgium,69,48,29,20,91,68,0.4202898550724637,0.4166666666666667,1.318840579710145,1.4166666666666667,0
France,Argentina,66,81,34,43,120,137,0.5151515151515151,0.5308641975308642,1.818181818181818,1.691358024691358,1
Uruguay,Portugal,56,30,24,14,87,49,0.4285714285714285,0.4666666666666667,1.5535714285714286,1.6333333333333333,1
Russia,Spain,45,63,19,30,77,99,0.4222222222222222,0.4761904761904761,1.711111111111111,1.5714285714285714,-1
Croatia,Denmark,23,20,11,9,35,30,0.4782608695652174,0.45,1.5217391304347827,1.5,-1
Brazil,Mexico,109,57,73,16,229,60,0.6697247706422018,0.2807017543859649,2.1009174311926606,1.0526315789473684,1
Belgium,Japan,48,21,20,5,68,20,0.4166666666666667,0.238095238095238,1.4166666666666667,0.9523809523809524,1
Sweden,Switzerland,51,37,19,12,80,50,0.3725490196078431,0.3243243243243243,1.568627450980392,1.351351351351351,1
Colombia,England,22,69,9,29,32,91,0.4090909090909091,0.4202898550724637,1.4545454545454546,1.318840579710145,-1
Uruguay,France,56,66,24,34,87,120,0.4285714285714285,0.5151515151515151,1.5535714285714286,1.818181818181818,0
Brazil,Belgium,109,48,73,20,229,68,0.6697247706422018,0.4166666666666667,2.1009174311926606,1.4166666666666667,0
Sweden,England,51,69,19,29,80,91,0.3725490196078431,0.4202898550724637,1.568627450980392,1.318840579710145,0
Russia,Croatia,45,23,19,11,77,35,0.4222222222222222,0.4782608695652174,1.711111111111111,1.5217391304347827,-1
France,Belgium,66,48,34,20,120,68,0.5151515151515151,0.4166666666666667,1.818181818181818,1.4166666666666667,1
Croatia,England,23,69,11,29,35,91,0.4782608695652174,0.4202898550724637,1.5217391304347827,1.318840579710145,1
Belgium,England,48,69,20,29,68,91,0.4166666666666667,0.4202898550724637,1.4166666666666667,1.318840579710145,1
France,Croatia,66,23,34,11,120,35,0.5151515151515151,0.4782608695652174,1.818181818181818,1.5217391304347827,1
